:020000040800F2
:100000000000012025300008F92C0008FD2C000814
:10001000012D0008052D0008092D00080000000032
:100020000000000000000000000000000D2D00088E
:10003000112D000800000000152D0008192D0008E2
:1000400075300008753000087530000875300008FC
:100050007530000875300008292D0008052E0008AD
:1000600075300008753000087530000875300008DC
:100070007530000875300008812E0008852E0008B4
:10008000152F0008753000087530000800000000CA
:1000900000000000000000000000000075300008B3
:1000A000753000087530000875300008753000089C
:1000B000753000087530000875300008753000088C
:1000C000753000087530000875300008753000087C
:1000D0007530000875300008753000080000000019
:1000E000892E0008753000087530000800000000F7
:1000F0000000000000000000000000007530000853
:1001000000000000753000087530000875300008E8
:1001100000000000000000000000000000000000DF
:10012000753000087530000875300008092F000888
:100130007530000800000000000000000000000012
:100140000000000000000000000000007530000802
:1001500075300008753000087530000875300008EB
:100160007530000875300008000000000000000035
:10017000000000000000000000000000000000007F
:1001800000000000753000080000000000000000C2
:0401900075300008BE
:1001980010B5054C237833B9044B13B10448AFF3B9
:1001A80000800123237010BDF8000020000000002B
:1001B8001014010808B5034B1BB103490348AFF3FA
:1001C800008008BD00000000FC0000201014010899
:1001D8002DE9F04F82B001904FF000744FF0007895
:1001E8004FF000054FF0000952F804CB52F804EB29
:1001F8000868CB6DC0FB0C45D1F88000CEF1000E2D
:10020800C3FB0E45D1F8DC30C0FB0C89C3FB0E895B
:1002180052F804CB52F804EB48688B6DC0FB0C45D0
:10022800D1F88400CEF1000EC3FB0E45D1F8D830CA
:10023800C0FB0C89C3FB0E8952F804CB52F804EBBF
:1002480088684B6DC0FB0C45D1F88800CEF1000ED4
:10025800C3FB0E45D1F8D430C0FB0C89C3FB0E8913
:1002680052F804CB52F804EBC8680B6DC0FB0C4580
:10027800D1F88C00CEF1000EC3FB0E45D1F8D0307A
:10028800C0FB0C89C3FB0E8952F804CB52F804EB6F
:100298000869CB6CC0FB0C45D1F89000CEF1000E7C
:1002A800C3FB0E45D1F8CC30C0FB0C89C3FB0E89CB
:1002B80052F804CB52F804EB48698B6CC0FB0C4530
:1002C800D1F89400CEF1000EC3FB0E45D1F8C8302A
:1002D800C0FB0C89C3FB0E8952F804CB52F804EB1F
:1002E80088694B6CC0FB0C45D1F89800CEF1000E24
:1002F800C3FB0E45D1F8C430C0FB0C89C3FB0E8983
:1003080052F804CB52F804EBC8690B6CC0FB0C45DF
:10031800D1F89C00CEF1000EC3FB0E45D1F8C030D9
:10032800C0FB0C89C3FB0E8901984FF4FE4E4EF0BA
:10033800FF0E4FEA946444EA851404F30F0401B4F1
:10034800DFF8EC06007804FB00F44FEA241401BC43
:100358004FEA986848EA891808F30F0801B4DFF8EB
:10036800D006007808FB00F84FEA281801BC048082
:10037800A0F8028002F5707201F580514FF0007408
:100388004FF000784FF000054FF0000952F804CB09
:100398000868D1F88030C0FB0C45C3FB0C8952F8C3
:1003A80004CB4868D1F88430C0FB0C45C3FB0C89EA
:1003B80052F804CB8868D1F88830C0FB0C45C3FBE1
:1003C8000C8952F804CBC868D1F88C30C0FB0C45B6
:1003D800C3FB0C8952F804CB0869D1F89030C0FBF4
:1003E8000C45C3FB0C8952F804CB4869D1F894300A
:1003F800C0FB0C45C3FB0C8952F804CB8869D1F8C3
:100408009830C0FB0C45C3FB0C8952F804CBC86973
:10041800D1F89C30C0FB0C45C3FB0C8901984FF404
:10042800FE4E4EF0FF0E4FEA946444EA851404F33E
:100438000F0401B4DFF8F805007804FB00F44FEA74
:10044800241401BC4FEA986848EA891808F30F0891
:1004580001B4DFF8DC05007808FB00F84FEA28183B
:1004680001BCA0F84040A0F84280A2F57872A1F53E
:1004780070614FF00F0C00F10400CDF800C001903E
:100488004FF000744FF000784FF000764FF0007A8C
:100498004FF000054FF000094FF000074FF0000B38
:1004A80052F804CB52F804EB0868CB6DC0FB0C453E
:1004B800C0FB0E67CEF1000EC3FB0C67C3FB0E45F5
:1004C800D1F8DC30D1F88000C3FB0E89C3FB0CAB3C
:1004D800CEF1000EC0FB0C89C0FB0EAB52F804CB6A
:1004E80052F804EB48688B6DC0FB0C45C0FB0E67E7
:1004F800CEF1000EC3FB0C67C3FB0E45D1F8D83014
:10050800D1F88400C3FB0E89C3FB0CABCEF1000EFF
:10051800C0FB0C89C0FB0EAB52F804CB52F804EBBD
:1005280088684B6DC0FB0C45C0FB0E67CEF1000E12
:10053800C3FB0C67C3FB0E45D1F8D430D1F8880053
:10054800C3FB0E89C3FB0CABCEF1000EC0FB0C89BC
:10055800C0FB0EAB52F804CB52F804EBC8680B6D25
:10056800C0FB0C45C0FB0E67CEF1000EC3FB0C6749
:10057800C3FB0E45D1F8D030D1F88C00C3FB0E89EF
:10058800C3FB0CABCEF1000EC0FB0C89C0FB0EAB5D
:1005980052F804CB52F804EB0869CB6CC0FB0C454D
:1005A800C0FB0E67CEF1000EC3FB0C67C3FB0E4504
:1005B800D1F8CC30D1F89000C3FB0E89C3FB0CAB4B
:1005C800CEF1000EC0FB0C89C0FB0EAB52F804CB79
:1005D80052F804EB48698B6CC0FB0C45C0FB0E67F6
:1005E800CEF1000EC3FB0C67C3FB0E45D1F8C83033
:1005F800D1F89400C3FB0E89C3FB0CABCEF1000EFF
:10060800C0FB0C89C0FB0EAB52F804CB52F804EBCC
:1006180088694B6CC0FB0C45C0FB0E67CEF1000E21
:10062800C3FB0C67C3FB0E45D1F8C430D1F8980062
:10063800C3FB0E89C3FB0CABCEF1000EC0FB0C89CB
:10064800C0FB0EAB52F804CB52F804EBC8690B6C34
:10065800C0FB0C45C0FB0E67CEF1000EC3FB0C6758
:10066800C3FB0E45D1F8C030D1F89C00C3FB0E89FE
:10067800C3FB0CABCEF1000EC0FB0C89C0FB0EAB6C
:1006880001F5807101984FF4FE4E4EF0FF0E4FEACF
:10069800946444EA851404F30F0401B4E448007830
:1006A80004FB00F44FEA241401BC4FEA986848EAB6
:1006B800891808F30F0801B4DD48007808FB00F832
:1006C8004FEA281801BC4FEA966646EA871606F3F1
:1006D8000F0601B4D648007806FB00F64FEA261646
:1006E80001BC4FEA9A6A4AEA8B1A0AF30F0A01B464
:1006F800CF4800780AFB00FA4FEA2A1A01BCDDF855
:1007080000C000EBCC0E2EF8026B2EF802AB20F8DE
:10071800024B20F8028BBCF1010C7FF4AEAE02B0A4
:10072800BDE8F08F2DE9F04F82B001904FF00074D2
:100738004FF0000552F804CB52F804EB0868CB6D73
:10074800CEF1000EC0FB0C45C3FB0E4552F804CB9E
:1007580052F804EB48688B6DCEF1000EC0FB0C45D7
:10076800C3FB0E4552F804CB52F804EB88684B6D76
:10077800CEF1000EC0FB0C45C3FB0E4552F804CB6E
:1007880052F804EBC8680B6DCEF1000EC0FB0C45A7
:10079800C3FB0E4552F804CB52F804EB0869CB6C46
:1007A800CEF1000EC0FB0C45C3FB0E4552F804CB3E
:1007B80052F804EB48698B6CCEF1000EC0FB0C4577
:1007C800C3FB0E4552F804CB52F804EB88694B6C16
:1007D800CEF1000EC0FB0C45C3FB0E4552F804CB0E
:1007E80052F804EBC8690B6CCEF1000EC0FB0C4547
:1007F800C3FB0E4501984FF4FE4E4EF0FF0E4FEA34
:10080800946444EA851404F30F0401B4884800781A
:1008180004FB00F44FEA241401BC048002F5707252
:1008280001F580514FF000744FF0000552F804CBE9
:100838000868C0FB0C4552F804CB4868C0FB0C455F
:1008480052F804CB8868C0FB0C4552F804CBC86842
:10085800C0FB0C4552F804CB0869C0FB0C4552F8A4
:1008680004CB4869C0FB0C4552F804CB8869C0FB2F
:100878000C4552F804CBC869C0FB0C4501984FF4ED
:10088800FE4E4EF0FF0E4FEA946444EA851404F3DA
:100898000F0401B46648007804FB00F44FEA2414FE
:1008A80001BC0484A2F57872A1F570614FF00F0CB9
:1008B80000F10200CDF800C001904FF000744FF035
:1008C80000764FF000054FF0000752F804CB52F8BD
:1008D80004EB0868CB6DC0FB0C45C0FB0E67CEF17E
:1008E800000EC3FB0E45C3FB0C6752F804CB52F84D
:1008F80004EB48688B6DC0FB0C45C0FB0E67CEF15E
:10090800000EC3FB0E45C3FB0C6752F804CB52F82C
:1009180004EB88684B6DC0FB0C45C0FB0E67CEF13D
:10092800000EC3FB0E45C3FB0C6752F804CB52F80C
:1009380004EBC8680B6DC0FB0C45C0FB0E67CEF11D
:10094800000EC3FB0E45C3FB0C6752F804CB52F8EC
:1009580004EB0869CB6CC0FB0C45C0FB0E67CEF1FD
:10096800000EC3FB0E45C3FB0C6752F804CB52F8CC
:1009780004EB48698B6CC0FB0C45C0FB0E67CEF1DD
:10098800000EC3FB0E45C3FB0C6752F804CB52F8AC
:1009980004EB88694B6CC0FB0C45C0FB0E67CEF1BD
:1009A800000EC3FB0E45C3FB0C6752F804CB52F88C
:1009B80004EBC8690B6CC0FB0C45C0FB0E67CEF19D
:1009C800000EC3FB0E45C3FB0C6701F5807101984F
:1009D8004FF4FE4E4EF0FF0E4FEA946444EA85143D
:1009E80004F30F0401B41248007804FB00F44FEA42
:1009F800241401BC4FEA966646EA871606F30F06EA
:100A080001B40B48007806FB00F64FEA261601BC35
:100A1800DDF800C000EB8C0E2EF8026B20F8024BBC
:100A2800BCF1010C7FF446AF02B0BDE8F08F0000C6
:100A380001000020034613F8012B002AFBD1181AE5
:100A48000138704753B94AB9002908BF00281CBFAC
:100A58004FF0FF314FF0FF3000F070B9ADF1080CE6
:100A68006DE904CE00F006F8DDF804E0DDE90223C4
:100A780004B070472DE9F047089E0D4604460F461E
:100A8800002B4AD18A42944665D9B2FA82F343B11F
:100A980002FA03FCC3F120029F4020FA02F2174336
:100AA8009C404FEA1C4E1FFA8CF5B7FBFEF1220C56
:100AB8000EFB117742EA074201FB05F090420AD982
:100AC8001CEB020201F1FF3780F01C81904240F2DA
:100AD800198102396244121AA4B2B2FBFEF00EFB6D
:100AE800102244EA024400FB05F5A5420AD91CEB92
:100AF800040400F1FF3280F00781A54240F204812E
:100B08006444023840EA0140641B00211EB1DC4005
:100B18000023C6E90043BDE8F0878B4208D9002EC0
:100B280000F0ED800021C6E900050846BDE8F08721
:100B3800B3FA83F1002949D1AB4202D3824200F2D1
:100B4800F880841A65EB030201201746002EE2D0D4
:100B5800C6E90047DFE702B9FFDEB2FA82F3002BED
:100B680040F090808A1A4FEA1C471FFA8CFE012138
:100B7800B2FBF7F507FB1520220C42EA00420EFBF8
:100B880005F0904208D91CEB020205F1FF3802D2A9
:100B9800904200F2CB804546121AA4B2B2FBF7F09D
:100BA80007FB102244EA02440EFB00FEA64508D9C2
:100BB8001CEB040400F1FF3202D2A64500F2BB8010
:100BC8001046A4EB0E0440EA05409FE7C1F1200758
:100BD8008B4022FA07FC4CEA030C05FA01F420FAD0
:100BE80007F3FD404FEA1C492343B5FBF9F81FFA08
:100BF8008CFE09FB18551C0C44EA054408FB0EF54D
:100C0800A54202FA01F200FA01F00BD91CEB040428
:100C180008F1FF3A80F08880A54240F28580A8F16B
:100C280002086444641B9DB2B4FBF9F309FB134446
:100C380045EA044403FB0EFEA64508D91CEB040450
:100C480003F1FF356CD2A6456AD9023B644443EAF6
:100C58000843A3FB0295A4EB0E04AC42C846AE467B
:100C680056D353D056B1B0EB080264EB0E0404FA25
:100C780007F7CA40CC401743C6E90074184600215C
:100C8800BDE8F087C3F1200102FA03FC20FA01F263
:100C980025FA01F19D402A434FEA1C471FFA8CFEB2
:100CA800B1FBF7F007FB1015110C41EA054100FBF9
:100CB8000EF58D4204FA03F408D91CEB010100F18A
:100CC800FF382FD28D422DD902386144491B92B288
:100CD800B1FBF7F507FB151142EA014205FB0EF1DE
:100CE800914208D91CEB020205F1FF3816D2914255
:100CF80014D9023D6244521A45EA004138E73146A8
:100D0800304608E73946E6E61046FBE64845A9D2EC
:100D1800B9EB020865EB0C0E013BA3E74546EAE791
:100D28002B4694E74046D1E7D0467BE7023D624434
:100D380032E708460AE76444023842E7704700BFD2
:100D48002DE9F04F2DED088BADF2746D15461C465C
:100D580002460B4602203149BDF8B896BDF8BC766C
:100D6800BDF8C0860FF05EFE0122064601468CA83B
:100D780004F0D0FA8246304610F040F9BAF1000F7C
:100D880005D00DF2746DBDEC088BBDE8F08F5146AF
:100D9800F8224EA810F07CFA8CA94EA801F02EF982
:100DA8009DF83831184310F0FF060DD08CA804F0D8
:100DB800A9FB78980028E4D010F020F90DF2746DA2
:100DC800BDEC088BBDE8F08F8A998CA804F0B2FBC3
:100DD800739B984507D9A8EB030303EBD37309EB7F
:100DE80063031FFA83F9729B9F4205D9FB1A03EB31
:100DF800D37304EB63039CB2DDF8F521084B9A42E8
:100E080003D1BDF80D32552B0CD0789808B110F0ED
:100E1800F5F88CA804F076FBB3E700BFB01501081D
:100E28004D4A50470DF58A6B4FF408728CA9584605
:100E380010F088FA4FF4F761012010F0B9F88246F3
:100E480001F03AF8DD4BDE49186012AB8CAA019329
:100E5800DC4B12920093DC4ADC4BCDF84CA001F03D
:100E680063F8D64B186801F079F8D44B186801F08C
:100E78007BF8D24BD6481B680122196910F00AF892
:100E8800D44BD54ACDF850B04FF0000AC3F800A0B3
:100E98000123137003216A9B04935046CDF834A0B4
:100EA8000FF08EF8CD4908EE100A50235246CDE9CE
:100EB8000031C823514609EE900A0FF0E3F818EE06
:100EC800100A80210FF0DAF8022118EE100A0FF04C
:100ED80077F803226FF07F4C4D23CDE9003C114693
:100EE800C5230FF0CFF8BE4B186859689A68B3F855
:100EF8000CC027AB07C3242251460DF1AA00A3F862
:100F080000C010F0C5F9B44AB64B1178B64A0129A9
:100F18000CBF114619460DF1A90318460FF042FD02
:100F2800062118EE100A0FF04BF8B04902910A2278
:100F3800AF49009127AB1146CDF804A00FF0F2F8A5
:100F4800DFF8C4E2BEE80F000DF1D00CACE80F00EA
:100F5800DEF80030CCF800301E22514639A810F0D7
:100F680097F9A44BA44A1B68934240F2278302F1E5
:100F78007852A2F55A02A2F51F72A2FB0323980C1D
:100F88000A220DF1E30110F067F9062119EE900A23
:100F98000FF016F8954B4FF0000A0DF1D00CCDE983
:100FA80001A3934B0093172263460A210FF0BAF866
:100FB800DFF858E2BEE80F000DF5827CACE80F00C0
:100FC800DEF80030CCF800301E22514646A810F05A
:100FD8005FF9062119EE900A0EF0F2FF8349844A60
:100FE80000920DF5827C63462D22CDE901A10A21EC
:100FF8000FF098F850460EF091FF08EE900A012382
:101008004FF47F0251460AEE100A0EF0A3FF18EEC5
:10101800900A01234FF47F4232210EF09BFF0123F7
:10102800FF2218EE900A64210EF094FF18EE900A41
:101038005A210EF0C3FF032119EE900A0EF0C0FFEB
:101048004FF0FF0C09EE100A4623CDE9003C3C2284
:10105800BE230A210FF016F818EE901A19EE100A9E
:101068000FF00AF8DFF8A8E1BEE80F000DF1840CD4
:10107800ACE80F009EE803004CF8040B19EE900A48
:10108800ACF8001006210EF09BFF6FF07F4C584A19
:101098000092CDE901AC21AB3B2210210FF042F8C0
:1010A800032119EE900A0EF08BFF4FF47F0E08EE25
:1010B800900A1723CDE9003E0A22C22306210BEE2F
:1010C800100A0EF0DFFF18EE900A80210EF0D6FF0E
:1010D800EA88A988503AC83902EBD27201EBD1717B
:1010E800521019EE900A49100FF0B2FB0321504636
:1010F8000EF066FF394A08EE100A2923CDE90032BE
:101108005146C82352460EF0BDFF18EE100A802142
:101118000EF0B4FF022118EE100A0EF051FF6FF026
:101128007F4303220193262311460093C5230EF023
:10113800A9FF324B1693052118EE100ACDF85CA0D2
:101148008DF860A00EF03CFF1422102308EE900AE0
:101158001521CDF800A00EF0DDFF0DF1580C614609
:1011680018EE900A0EF086FF032118EE100A0EF012
:1011780027FF234B1993052109EE100A18EE100AD0
:10118800CDF868A08DF86CA00EF01AFF1422102379
:1011980008EE900A1521CDF800A00EF0BBFF0DF166
:1011A800640C614618EE900A0EF064FF154B93E844
:1011B80003008DF83C100E9006212BE0180100204A
:1011C800351D0008A91E0008591E0008891E0008C0
:1011D800003C00401401002000000020A9A9A9003B
:1011E800B4150108A41501089815010800FFFF00AF
:1011F8000800002004000020FFE0F505003E01087B
:10120800103E0108C4150108281401085C140108DF
:10121800CC15010818EE100A0EF0D2FEB64AB749EE
:10122800009202910EAB2821CDF804A00E220AEEFE
:10123800900A0EF077FFB24B1978002900F0CC81A4
:101248000B1F052B40F2C68109298CBF4FF47F4341
:101258004FF47F0301EBC10101EB011101931A2245
:101268000B1119EE100A2833009228210E220EF0D5
:1012780009FF18EE900A00210EF002FF1AEE900AFC
:1012880000210EF0FDFEEA88A9882A3AC83902EB47
:10129800D27201EBD171521018EE100A49100FF0FA
:1012A800D7FA984B00211B680593284602F0A2F84C
:1012B800954996480B6896495A699B6E9200009228
:1012C80005220FF051FDDBF80C20DBF814309A42B0
:1012D80040F28C800499059A0A9700234908CDE9C1
:1012E8000849CDF82C8007930692A94637468A46C6
:1012F8001C469846874D4FF48036C5F88060BFF38A
:101308004F8FBFF36F8F08220DAB10A9584604F01A
:101318003FF82E60002869D10D9B082B66D1109BE1
:101328007D4A934200F00281119BDBF81450DE07DE
:1013380048BF01331593BDF8423046F264329342F8
:1013480000F0AC8044F24432934200F0A7800026BB
:10135800159B93B16F4F4FF48033C7F88030BFF3BC
:101368004F8FBFF36F8F15995846294404F0E2F860
:101378004FF480333B60002838D166494FF4803001
:10138800C1F88000BFF34F8FBFF36F8F5E4B1B68B0
:10139800002B00F0CF81D3E924230860B2EB0A00C8
:1013A80063F10001844278EB010164D31AEB020077
:1013B80043F10001A04271EB08015CD30027574BB1
:1013C80019EE902A1B68934200F0EB8018EE102A61
:1013D8009A4200F0D98007F09FFA002839D12EB937
:1013E800DBF81450DBF80C30AB4283D8494B4FF490
:1013F8008032C3F88020BFF34F8FBFF36F8F424C0A
:10140800236863B14249414805220FF009FD20686D
:1014180000F0EEFD206800F053FD002323603D4BF3
:101428004FF48032C3F8802158461A6004F06AF8F5
:10143800789808B10FF0E2FD1AEE100A0EF078FD68
:1014480019EE900A0EF0F4FD18EE100A0EF0F0FDF9
:1014580097E407F043FA314A19EE901A13688B4261
:1014680000F00A81050740F1BC80264BC2ED009AC6
:101478001B680593B3E7A24273EB08013AD2A01A9E
:1014880068EB03014FF47A720023FFF7DBFA074693
:10149800002894D002F04AFF002790E7049B1C190B
:1014A800159B48F10008002B9CD0002F7FF44FAF0C
:1014B80014AB0193134E0B9B0093DDE908120A9BB2
:1014C80002974846376805F063FD0E4B144A0646F6
:1014D8001868144B1B68A2FB0323134AC01B12682D
:1014E8009B090DF21711B2FBF3F30A22C01A0FF091
:1014F800B3FE2DE7012762E70800002000FFFF0088
:10150800010000207C03002018010020003C00405E
:101518000060024000E100E0524946461401002004
:10152800D34D62100400002094050020C5F88060A7
:10153800BFF34F8FBFF36F8F10220DAB1CA9584616
:1015480003F026FF2E6000287FF450AF0D9B102B70
:101558007FF44CAF1C9B8C4A93427FF447AF02F157
:101568007C421D9B02F51F2202F20B3293427FF44C
:101578003DAF02F1A9521F9B02F5493202F2212226
:1015880093427FF433AF2BE7804B069A1B689B1A74
:1015980041F2873293427FF61EAF7D4A00231360E3
:1015A80019E77A4A05991268521A42F20F718A426B
:1015B8007FF60CAF764A0023136007E7754AA2FB53
:1015C8000323980C0A22202339A98DF8E3300FF061
:1015D80043FEDAE4704B3DE619EE100A0EF050FDBA
:1015E80051E6002B00F0948082074FD56B490A78AA
:1015F8000F2A3AD8531C033ADBB2052A0B7040F283
:101608009B80092B8CBF4FF47F424FF47F0203EB82
:10161800C30303EB031301921B111A2219EE100ADC
:101628002833009228210E220EF02CFDB9F806204E
:10163800B9F804102A3AC83902EBD27201EBD17119
:1016480019EE100A491052100FF0C8F819EE100AD6
:1016580001210EF015FD18EE900A00210EF010FD84
:101668001AEE900A00210EF00BFD494B83ED008A1B
:10167800464B1B680693B2E610F008013BD0444A7B
:1016880000231360414B1B680593A8E6C3077FF549
:10169800A6AE424A1378002BE7D0591EC9B2117082
:1016A800002961D0053B052B5CD909298CBF4FF473
:1016B8007F434FF47F0301EBC10101EB011101935B
:1016C8001A220B1119EE100A009228330E22282133
:1016D8000EF0D8FCB9F80620B9F804102A3AC8392F
:1016E80002EBD27201EBD17119EE100A52104910B7
:1016F8000FF074F8AFE7C5070ED5079B002BC1D0D4
:101708001BEE100A6FF00C0207910FF067F8B9E7AB
:1017180041073FF56BAE67E782070FD5079B002BA4
:10172800B0D119461BEE100A0D220FF057F801230D
:101738000793A7E7086059E6174A68E710F0300FE3
:10174800A0D0079B93BB164A16491378012B164B5A
:101758000DF1A90016BF19460323012313700FF0DA
:1017680021F98FE70C4BA6E719EE100A0EF088FC5A
:1017780018EE900A01210EF083FC1AEE900A01215E
:101788000EF07EFC71E700BF415649587C030020EB
:101798001401002083DE1B4300FFFF00010000202E
:1017A80000000020A415010898150108414B19688C
:1017B800414B99424BD0A820404B9A6822F0030233
:1017C80042F001029A609A6802F00C02042AFAD1E7
:1017D8001A6822F080721A605D68394A2A4042EA23
:1017E800801242F4800242F019025A605A6822F4C8
:1017F80040325A601A6842F080721A602F4A1368A1
:101808009B01FCD5936823F0030343F00203936024
:101818002A4A936803F00C03082BFAD1294B994202
:1018280023D0244B274A1A604FF0E023264A274941
:101838005961F02182F8231000229A6107221A6167
:101848000DF1E3010A2278200FF006FD1AE7204A7D
:10185800136823F0070343F003031360136803F0CE
:101868000703032BFAD1F020A6E7194A136823F0DF
:10187800070343F002031360136803F00703022B06
:10188800FAD10C4B0C4A1A604FF0E0230E4A11496A
:101898005961F02182F8231000229A6107221A6107
:1018A80039A920230A2254208DF8E3300FF0D4FC04
:1018B800E8E600BF0400002000BD01050038024032
:1018C8000080BFFF000E270700ED00E0BFD4010035
:1018D800003C02401F4801002DE9F04F8388C6886C
:1018E8002DED028B963B93B0054603EBD3735B104B
:1018F8000321002004930EF063FBEB88013B009367
:10190800AB880024013B22462146019480460EF014
:10191800B9FB20460EF002FBAB4A83460123214661
:1019280008EE100A0EF016FB01234FF47F0258460A
:1019380064210EF00FFB584621460EF03FFB0121B3
:1019480040460EF03DFB4FF02D091E232246074668
:10195800CDF80890CDF8009001930F212346039409
:101968000EF0A6FB594638460EF086FB012140468C
:101978000EF026FB232322468246CDE902940193EA
:101988001421322300940EF093FB594650460EF072
:1019980073FB032140460EF013FB22464123CDF88A
:1019A80000903721814601940EF06CFB5946484659
:1019B8000EF062FB854B06930521404607948DF88F
:1019C80020400EF0FDFA16231A4681465C21009449
:1019D8000EF0A0FB484606A90EF04CFB012140463C
:1019E8000EF0EEFA962216217823CDE901212D3E3C
:1019F800252219468146009206EBD67607220394E3
:101A08000EF056FB761059464846DFF8CC91DFF8C1
:101A1800CCA10EF031FB3246049938460EF018FF7F
:101A2800B9E80F000DF1340EAEE80F00D9F8003018
:101A38008EF800309AE80F000DF1240CACE807008E
:101A48002CF8023B06211B0C40468CF800300EF0A7
:101A5800B7FA6FF07F43CDE901435D4B00930DF179
:101A6800340C6346A6F10D02A98883460EF05AFB92
:101A7800062140460EF0A4FA824609A80EF0C4FFDB
:101A880005900DA80EF0C0FF814609A80EF0BCFF16
:101A980005994F4B0093A9EB00094FEAC9096FF06C
:101AA8007F424FEA5909C1EB41710292C9EBC1016A
:101AB80006F12D0209AB504601940EF033FB454A5E
:101AC800AB88C2F80080049A0DA89E1A0EF09CFFFD
:101AD800C000C0F19600A6EB5003A34270DD013BA5
:101AE8009B08013303EB83035B00DFF8F490049356
:101AF800FF2602E0049B9C4234D0E1B240460EF03F
:101B0800BDFAF1B238460EF0E5FE00226FF003018F
:101B180058460EF063FE0022042150460EF05EFE89
:101B2800E888AB88009000224FF0010CCDE9019CB9
:101B38001146284605F02CFA083E0A3426EAE676CD
:101B480080B9079B0833B3F5B47FA8BF4FF4B473CB
:101B5800FF2C0793CEDD014640460EF091FA049B18
:101B68009C42CAD14FF4FA6002F0E0FB002401263F
:101B7800E888AB88009000221146CDE901962846F6
:101B880005F006FA01460F346FF00302384641B9F2
:101B98000EF05EFEE1B238460EF09CFEB4F5877F8B
:101BA800E6D118EE100A0EF0C3F940460EF040FADE
:101BB800084A0023136013B0BDEC028BBDE8F08F18
:101BC800DFF81C90CEE700BF00FFFF00702101087E
:101BD8000800002014010020E4150108F815010888
:101BE800682101082DE9F04FD0F88430DFF8308102
:101BF800DFF83091DFF830A189B00022D3E9004640
:101C080005460392D4F814C0E768674503AB4FF064
:101C1800080206A920463CD903F0BAFB002838D1AF
:101C2800039B082B35D1079AD4F814C0D30734D5B1
:101C3800069B3A4901328B42049235D0BDF81A30DE
:101C480046F277218B4203D044F257218B4241D18F
:101C580040F294739A421CDC06F1240B03AB5946FC
:101C6800204603F095FB034698B9DDE9031291423B
:101C78000FD130680093EA6EAB6ECDF814B003EB69
:101C8800820305A904AA0CF083F958B3033001288C
:101C9800B8D9012009B0BDE8F08F0492002AB3D06A
:101CA800069B1E498B42C9D103AB102206F12401C1
:101CB800204603F06DFB0028EBD1039B102BE8D1E5
:101CC800736A4345E5D1B36A4B45E2D1336B53455B
:101CD800DFD197E70CEB0201204603F02BFC00282C
:101CE80090D0D6E7AB68012BD4D16A69E96EAB6EA8
:101CF800002A03EB8105CDDD541E05EB840405EBBA
:101D0800420232F8021D002361F30F0361F31F43FF
:101D1800AA4244F80439F4D1BCE700BF5249464608
:101D2800415649584C4953546D6F7669F0B5D0F80F
:101D38008430DFF818C11C685B6865691D628FB064
:101D4800002206460192BCE80F0004AF0FC75CF8FA
:101D5800043B3B80BCE80F000DF1240EAEE80F00F9
:101D6800DCF80030AEF80030E368AB4223D9082233
:101D780001AB0DEB0201204603F00AFBD8B9019B29
:101D8800082B18D103996569CB0717D50131EBD01A
:101D9800BDF80A3046F27722934217D044F2572210
:101DA800934213D02944204603F0C4FB18B965694F
:101DB800E368AB42DBD801200FB0F0BD0029D3D0D7
:101DC800BDF80A3046F277229342E7D140F2947385
:101DD8009942F0DC01AB04226946204603F0D8FAA8
:101DE8000028E8D1019B042BE5D19DF8013013F0C0
:101DF800180F4FEAD3021CBFD24302F001019DF82D
:101E08000220C2F3810208BF0221C3F34103032A5F
:101E1800C3F10403CFD0032BCDD19DF8034001EBD0
:101E280041018B18A2090EAC04EB410104EB4303FA
:101E3800032A33F8283C31F8102C72610CBF0121B9
:101E480002211022C6E90323B160B5E79014010806
:101E5800D0F8843070B5D3E9006504460CF092F8E8
:101E6800286020B1296A304603F064FB08B10120DC
:101E780070BD2046FFF7B6FE003818BF012070BDC0
:101E8800D0F8843010B51C68FFF7ACFE30B1E368B9
:101E98006069013B984234BF0220012010BD00BF99
:101EA800D0F8843010B5D3E9000403F02BFB206888
:101EB8000CF06AF8002010BDA02101200FF078B8BE
:101EC80080B3D0F8843010B50446586808B10FF0D4
:101ED80095F8A06E08B10FF091F8206808B10FF0DE
:101EE8008DF8A06908B10FF089F8E06908B10FF022
:101EF80085F8206A08B10FF081F8606A08B10FF020
:101F08007DF8E06A08B10FF079F8A06A08B10FF01F
:101F180075F8206B08B10FF071F82046BDE8104045
:101F28000FF06CB8704700BFA0B199B192B18BB1F6
:101F380010B4019C84B14FF0000C8367029BC46706
:101F4800C0E91C12C0F8843080F880C060465DF893
:101F5800044B7047012070470120F8E70221026F07
:101F680080F88010104700BF10B50446406904216E
:101F780040000FF01DF808B30022A066636FE26608
:101F880020469847D0B96269A36FE2662046984711
:101F9800A0B99FED0B7B032384F880300A4963695D
:101FA80084F888002269C4F89C0001FB03F384EDDF
:101FB800247BB3FBF2F3C4F8983010BD012010BDA8
:101FC800000000000000000040420F00042310B58C
:101FD80080F88030C36E044643B94269A36FE26655
:101FE80020469847002384F8883010BD0022F5E782
:101FF8000521C26F80F88010104700BF2DE9F04F0F
:1020080087B00D4600230C22064602930DEB020111
:1020180002AB284603F0BCF980B9029B0C2B0DD10A
:1020280003F18C43039A03F1461303F592439A4252
:1020380009D00124204607B0BDE8F08F02242046CD
:1020480007B0BDE8F08F744B059A9A42F1D186F833
:10205800AC00EA686B699A420446F0D9DFF8D4818B
:102068006E4FDFF8D491DFF8D4B115E0BB4208D148
:10207800059B4B4500F097805B4536D0684A9342F4
:1020880027D0049904396B692846194403F052FA99
:102098006A69EB689A42D2D20C2202AB0DEB0201BC
:1020A800284603F075F904460028C7D1029B0C2B7B
:1020B800C4D1039B4345D9D104996B69C6F8EC1088
:1020C80004391944043BC6F8E830284603F032FACC
:1020D800DEE704996B69C6F8F4100439C6F8F030E5
:1020E8001944284603F026FAD2E796F8AC10049B68
:1020F800D6F8A80001930131C9B286F8AC10C1EB3B
:10210800C101C9000FF02EF802ABC6F8A8000822DA
:1021180003A9284603F03CF900288FD1029B082B1D
:102128008CD1039B3F4A934283D196F8AC30D6F8C2
:10213800A8106FF03700382212FB03031944284611
:1021480002AB03F025F900287FF478AFDDF808A08A
:10215800BAF1380F7FF472AF02AB082203A9284600
:1021680003F016F900287FF469AF029B082B7FF46F
:1021780065AF2D4B039A9A427FF45BAF96F8AC207B
:102188006FF037031AFB023AD6F8A830274A53F8FB
:102198000A3093421BD002F6EB32934229D0019BBE
:1021A800A3F14C016FE702AB402206F16801284613
:1021B80003F0EEF800287FF441AF029B402B7FF438
:1021C8003DAFB36E1A4A93423FF462AF31E702ABB8
:1021D800282206F1AD01284603F0DAF800287FF43A
:1021E8002DAF029B282B7FF429AF019BA3F174012B
:1021F80049E702AB102206F1D501284603F0C8F8DA
:1022080000287FF41BAF029B102B7FF417AF019BB4
:10221800A3F15C0137E700BF415649204C495354AC
:102228006D6F7669737472687374726676696473B5
:1022380061766968696478316864726C7374726C09
:102248001AB140F8041B013AFBD170472E4A1368B3
:1022580023F0070343F0020310B51360136803F07B
:102268000703022BFAD12949294B0A6822F4404274
:1022780042F400420A601A6842F480321A601A680E
:102288009003FCD51A68234942F400221A60586862
:10229800214A01400A435A6059681D4A21F44031D5
:1022A8005960196841F08071196013689901FCD56B
:1022B800164A53685B04FCD5154CA36823F0F00359
:1022C800A360A36823F4E05343F48053A360A36896
:1022D80023F46043A360A36823F0030343F00203DD
:1022E800A360A36803F00C03082BFAD10B4802F093
:1022F8000DF80A4802F02CF8D4F88C3023F08073DB
:10230800C4F88C3010BD00BF003C02400070004093
:10231800003802400080BFFF192A400000BD0105B7
:10232800C84AC94B116841F400712DE9F04F11609A
:102338001168C64C41F480611160116841F48071E4
:102348001160596CC14A41F480415964596CD5B047
:1023580001F4804113911399196C41F0805119646B
:102368001B6C03F080531293129BD168B84B4FF645
:10237800FF0001400B43D360D368C3F30223C3F1CA
:1023880007011A1D042928BF0421062A88BFDA1E5E
:102398004FF0FF3303FA01F398BF0022DB43934069
:1023A8001B01DBB284F82330FFF750FFA94BAA4A80
:1023B8001B68A2FB03239B09013BB3F1807F09D271
:1023C8004FF0E022F02053610021072384F8230016
:1023D800916113610025CDE92D55CDE93955CDE938
:1023E8003B55994B9D4F1A6BDFF880929C4842F001
:1023F80004021A631A6B02F004021C921C9A1A6BEC
:1024080042F080021A631A6B02F080021D921D9A34
:102418001A6B42F001021A631A6B02F001021E9253
:102428001E9A1A6B42F002021A631B6B03F0020336
:102438001F931F9A4FF400531C2241F202060124F5
:10244800836137A9BA61C9F818604FF00208379359
:10245800389401F0DBFC37A90C2338463793CDE9D3
:102468003A553894CDF8E48001F0D0FC102337A910
:1024780038463793CDE93848CDE93A5401F0C6FCDF
:1024880037A94846CDE93764CDE939853B9401F051
:10249800BDFC744A93680F2123F00F0391FAA1F150
:1024A80093609368F02123F0F00391FAA1F193600F
:1024B80011694FF4706393FAA3F3B3FA83F321F429
:1024C800706104FA03F30B43136103262DA82D94BE
:1024D800ADF8B8408DF8BA6001F03AFC2DA8CDF8F7
:1024E800B480ADF8B8408DF8BA604FF4806A01F056
:1024F8002FFC2DA8ADF8B8408DF8BA60CDF8B4A07F
:1025080001F026FCF96894FAA4F2B2FA82F294FA7D
:10251800A4F3A240B3FA83F306FA02F2A34021EA35
:10252800020204FA03F31343FB60F96898FAA8F26D
:10253800B2FA82F298FAA8F3A240B3FA83F306FA41
:1025480002F2A34021EA020204FA03F31343FB60F8
:10255800D9F80C109AFAAAF2B2FA82F29AFAAAF305
:10256800A240B3FA83F306FA02F2A34021EA020278
:1025780004FA03F31343C9F80C303A6894FAA4F345
:10258800B3FA83F3A34006FA03F322EA030394FAA7
:10259800A4F43B603A6898FAA8F3B3FA83F35B00B3
:1025A80006FA03F322EA030398FAA8F83B60D9F87D
:1025B80000209AFAAAF3B3FA83F35B009E4022EA5A
:1025C80006029AFAAAFA214BC9F80020DB68DFF85C
:1025D800A080C3F30223C3F10702042A03F1040114
:1025E80028BF0422062988BFDD1E4FF0FF33934021
:1025F800DB4303F00103AB401B4A1449124D1B0196
:10260800DBB2402082F806331060CB68C3F30223A4
:10261800C3F107011A1D042928BF0421062A88BF0F
:10262800DA1E4FF0FF3303FA01F36FEA030398BF92
:10263800002203F0010393401B010B4A0349DBB25C
:10264800802017E0003C02400038024000ED00E026
:102658000003FA0504000020D34D62100000024078
:10266800000802400038014000E100E00004024098
:102678000038004082F807331060CB68C3F30223A8
:10268800C3F107011A1D042928BF0421062A88BF9F
:10269800DA1E4FF0FF3303FA01F36FEA030398BF22
:1026A800002203F001039340BA49BB4A1B01DBB285
:1026B8004FF4807081F828334860136B43F400139B
:1026C8001363136B03F400131A931A9B136B43F4ED
:1026D80080031363136B03F480031B931B9BD1F8D4
:1026E8000C3CC3F30223C3F107011A1D042928BFB8
:1026F8000421062A88BFDA1E4FF0FF3303FA01F3DC
:102708006FEA030398BF002203F0020393401B0102
:10271800A04AA249DBB24FF4804082F80E33106021
:10272800CB68C3F30223C3F107011A1D042928BF8C
:102738000421062A88BFDA1E4FF0FF3303FA01F39B
:102748006FEA030398BF002203F0020393401B01C2
:10275800904A9249DBB24FF4004082F80F33106080
:10276800CB68C3F30223C3F107011A1D042928BF4C
:102778000421062A88BFDA1E4FF0FF3303FA01F35B
:102788006FEA030398BF002203F0030393401B0181
:10279800804ADBB24FF00061002482F83B3337A84F
:1027A8005160282200210EF073FD30942B6C7C4878
:1027B80043F480432B642B6C03F480431893189BD9
:1027C8002B6B43F002032B632B6B03F002030327ED
:1027D80019934FF0010A4FF460434FF002090526A0
:1027E8002DA9199A2D933296CDE92E97CDF8C4A02C
:1027F80001F00CFB6B4B9A6D22F060629A659A6D42
:1028080022F0C0029A659A6D22F4403242F4803276
:102818009A659A6D22F490729A659A6D22F4007204
:102828009A659A6D42F480629A659A6D22F4C05254
:102838009A659A6D22F4C0429A65DA6E42F00402F3
:10284800DA66DA6E3A43DA669A6D22F0C07242F0BE
:1028580080729A659A6D22F4C0029A651A6F22F006
:1028680060621A671A6F22F0C00242F040021A67CB
:102878001A6F22F4403242F480321A671A6F22F437
:1028880090721A671A6F22F400721A671A6F42F46C
:1028980080621A671A6F22F4C0521A671A6F22F4FC
:1028A800C0421A67D3F8842042F00402C3F8842097
:1028B800D3F884203A43C3F884201A6F22F0C072F8
:1028C80042F080721A671A6F22F4C0021A674FF436
:1028D800827338934FF4007B0A2337A9302240468D
:1028E80040933D92CDE93944CDE93E4437943B9439
:1028F800CDF8F0B001F062FBD8F8042022F0100205
:10290800C8F804202146282237A80EF0C1FCCDE9DA
:1029180030446A6C42F480526A646A6C02F48052F1
:102928001692169A2A6B42EA0A022A632A6B329690
:1029380002EA0A021C4E1792179A2DA9A0223046C5
:102948002D92CDE92E9701F061FA184A916D21F088
:10295800606141F0C0619165916D21F0C00141F065
:1029680040019165916D21F440319165916D21F49B
:1029780090719165916D21F400719165916D41F4AB
:1029880080619165916D21F4C05141F400619165B8
:10299800916D0DE000E100E00038024000ED00E03C
:1029A800000402400060024000000240006402404F
:1029B80021F4C04141F400519165D16E41F0040108
:1029C800D166D16E3943D166916D21F0C07141F065
:1029D80080719165916D4FF4827321F4C001916506
:1029E80008F5784838934FF40063399337A90A23D8
:1029F8004046CDE93A44CDE93D44CDF8F0B03794AE
:102A08003F94409301F0DAFAD8F8043023F0100329
:102A1800C8F80430F068202292FAA2F1B1FA81F1E4
:102A280092FAA2F301FA0AF1B3FA83F307FA01F171
:102A380003FA0AF320EA01000AFA03F30343F360F6
:102A4800F168802393FAA3F0B0FA80F093FAA3F325
:102A580000FA0AF0B3FA83F3874003FA0AF321EA8B
:102A680007010AFA03F30B43F360D8F8003043EA8E
:102A78000903C8F80030214637A8CDE92444CDE938
:102A8800264428940EF004FCCDE92D44CDE92F44CA
:102A9800CDE931442B6C43EA09032B642B6C03EA20
:102AA80009031493A8F59638149B24AF40F2E73332
:102AB8003946ADF890304046D123269301F002FB09
:102AC800D8F80030514623F080034FF0804AC8F808
:102AD8000030DAF8183443F00803CAF818346023D1
:102AE80037AA3793404669233A93CDE938443B9453
:102AF80001F034FBDAF8183423F00403CAF8183468
:102B0800D8F8043023F07003C8F80430D8F8083037
:102B180023F08003C8F808302B6B43F001032B63C4
:102B28002B6BCDF8B89003F001031593159BCDF8E6
:102B3800C89040232DA930462D93CDE92F443194D8
:102B480001F064F90EF006F8584AD2F8FC3013F098
:102B580080730CD1D2F8FC1041F08071C2F8FC10DF
:102B6800A2F55D425360136843F001031360504BB4
:102B7800249303F59A3325930823ADF8A030042352
:102B8800ADF8A8304B4DDFF86091CDF89C9010233C
:102B9800ADF8B0300BAB119395E80F0020AC84E88A
:102BA8000F00119CCDF8A4904FF0030BCDF8AC901A
:102BB800CDF898B084E80F003F4B08933F4B07933C
:102BC8003F4B06933F4B05934FF4A07E4FF0F00C1C
:102BD80000264FF0010A099702233B4F0A93CDE9DB
:102BE800036ACDE901E6CDF800C07246634637A90D
:102BF8003868DFF8F88000F0C3FA0446386000F05F
:102C0800A5FB3249204600F0F5FB10353049314824
:102C1800324602F04DFB0FCD2DAF0FC70FCD0FC7BA
:102C280095E8030087E8030004F0D0F82146836B99
:102C380005469847E288A3880092EF6B32463146F2
:102C48002846B8472B6C2DA92846984722496B6C13
:102C5800284698475B46524631462846AF6CB847E7
:102C6800022300931D4B1E4983F800B04FF4806384
:102C7800CDE901131B4852464B46494601F06EFB0D
:102C88001848314601F016FC2046FEF725FEAB6DCC
:102C980028469847E3880293A3882246CDE9006333
:102CA80041460023FEF74CF8F1E700BF00ED00E0D5
:102CB80000300140B8140108513D0008493D0008A2
:102CC800013D0008E13C000884030020B19B31006D
:102CD800480300201C010020080000207834002050
:102CE800000402404C03002000000240203E01087E
:102CF800FEE700BFFEE700BFFEE700BFFEE700BF3C
:102D0800FEE700BF704700BF704700BF704700BFB5
:102D1800024A136801331360704700BF7C03002028
:102D2800324A10B5546914F0010400D110BD0121D4
:102D38002F48516101F024FB01381F28F6D801A360
:102D480053F820F0EF2D0008CF2D0008352D00088E
:102D5800E32D0008352D0008352D0008352D000815
:102D6800E72D0008352D0008352D0008352D000801
:102D7800352D0008352D0008352D0008352D0008A3
:102D8800EB2D0008352D0008352D0008352D0008DD
:102D9800352D0008352D0008352D0008352D000883
:102DA800352D0008352D0008352D0008352D000873
:102DB800352D0008352D0008352D0008352D000863
:102DC800CD2D000820240B4A1378132BAED80A48BF
:102DD800591C40F82340117010BD0824F3E704245F
:102DE800F1E71024EFE70224EDE700BF003C0140C3
:102DF8004C030020793400207C3400201A4B5A6997
:102E0800920700D47047022110B51848596101F0A3
:102E1800B7FA01381F281BD8DFE800F021231A1B56
:102E28001A1A1A1D1A1A1A1A1A1A1A1F1A1A1A1AF2
:102E38001A1A1A1A1A1A1A1A1A1A1A1020210C4AC5
:102E48001378132B04D80B4C581C44F8231010701B
:102E580010BD0821F3E70421F1E71021EFE7022173
:102E6800EDE70121EBE700BF003C01404C030020E7
:102E7800793400207C340020704700BF704700BFC1
:102E88001B4B5A69520500D470474FF4806210B545
:102E980018485A61032101F073FA01381F281BD81A
:102EA800DFE800F021231A1B1A1A1A1D1A1A1A1A17
:102EB8001A1A1A1F1A1A1A1A1A1A1A1A1A1A1A1A65
:102EC8001A1A1A1020210C4A1378132B04D80B4C09
:102ED800581C44F82310107010BD0821F3E7042192
:102EE800F1E71021EFE70221EDE70121EBE700BF51
:102EF800003C01404C030020793400207C34002041
:102F08000148032100F0A0BE00640240F8B52A4C35
:102F1800636859051BD463681B0506D4264B4FF418
:102F28007C62DA60BFF34F8FF8BD244D2868002813
:102F3800F4D0FFF74BF880BB2B68D3E92401D3E921
:102F48002626841846EB0105C3E92445E6E71B4D10
:102F58002868F8B1FFF73AF878B92868D0E9242347
:102F6800D0F898105618D0F89C1041EB0307C0E928
:102F7800246763681A05D1D5DBE705222146104886
:102F88000DF04EFF2868FFF733F82868FEF798FF22
:102F980000232B60084B5B68C0E7074908480522F7
:102FA8000DF03EFF2868FFF723F82868FEF788FF32
:102FB80000232B60B2E700BF006002401801002028
:102FC800003C00400C490D4A0B6810B50C4C121B14
:102FD8002BB11844904207D80860184610BD094B19
:102FE8000B6018449042F7D90EF080F90C23036067
:102FF8004FF0FF33184610BD800300200000012069
:103008000004000018360020034AD2F8883043F440
:103018007003C2F88830704700ED00E0DFF834D064
:103028000D480E490E4A002302E0D458C450043318
:10303800C4188C42F9D30B4A0B4C002301E01360EF
:103048000432A242FBD3FFF7DFFF0EF055F9FFF77A
:1030580067F970470000012000000020F8000020F8
:1030680020930108F800002014360020FEE7000035
:10307800036C13B1B0F844209A617047026C1AB11E
:10308800B0F844301B049361704700BF836B828F94
:103098009A617047F8B5456A04462B685F06FCD408
:1030A80094F865302BB9236C1BB1B4F84420120492
:1030B8009A612B6823F42C432B602B6843F0400360
:1030C8002B600B78012B39D0022B51D063B194F8C7
:1030D800653023B9236C13B1B4F844209A612B6886
:1030E80023F040032B60F8BDA28F636AA66B487873
:1030F8001204B26118739A689607FCD59A6810068C
:10310800FCD48F7801F1030E002F37D007F1030CA0
:103118008C447046636AA16B10F8012BA68F8E61F0
:103128001A739A689207FCD59A681606FCD48445E7
:10313800F0D10EEB07010B78012BC5D14F7801F1C7
:10314800020EDFB107F1020C8C447046636AA16B72
:1031580010F8012BA68F8E611A739A689107FCD517
:103168009A681206FCD48445F0D10EEB0701E2E719
:1031780048788E1C01F0DAF83146A2E77146A0E7DC
:103188002DE9F04F83B0CDE90023BDF83090BDF8AC
:103198003480BDF93860BDF93C709DF840A09DF8B9
:1031A80058B00C46002900F0AC8074220021054676
:1031B80020460EF06DF8DDF854C084F848B0BCE83D
:1031C8000F0004F1240EAEE80F00BCE80F00AEE8D3
:1031D8000F00DCF80030CEF80030A26A002A35D0A3
:1031E800E36A5949C95C535823F0010353505018F6
:1031F8000368DB07FCD4BBF1010F0BD0BBF1020F56
:103208000ED1535823F4F0435350535843F42053EA
:10321800535005E0535823F4F04353505358535038
:10322800535823F4802323F00E035350436923F0AB
:1032380080034361535843F010035350535823F409
:1032480000735350535843F480635350019A0099C4
:103258008A42134638BF0B468A4228BF0A46BAF14B
:10326800000F39D191456681A781A280E380A4F837
:103278000090A4F8028048D3434546D8119B002B00
:1032880043D0129B002B40D0119A6261129AA2611E
:10329800139AE26117AB149A22620FCB002704F14C
:1032A8004C0684F808A086E80F00C4E91B7784F868
:1032B800647035B32B6F4BB101221D461B6F511C37
:1032C8001046CAB2002BF8D184F864002046E5669F
:1032D8002C6703B0BDE8F08FBAF1020F1ED0BAF127
:1032E800010F24D0BAF1030F0FD1A8EB0701C91AB7
:1032F8009446484637461A46C1460EB2634680464B
:10330800B0E7204603B0BDE8F08F742200212046C4
:103318000DF0BEFF002003B0BDE8F08FA9EB060654
:10332800A8EB0707B61AFF1A36B23FB29AE7A9EB1D
:103338000601891A944648463E461A46C1460FB2C7
:10334800634680468EE700BF2C3E0108036B10B52C
:1033580004465BB1828E12049A61192000F0E6FFE0
:10336800236BA28E9A61192000F0E0FF6369207A2E
:10337800984701462046FFF78DFE94F85A10E26CF4
:1033880064290B4628BF642384F85A300AB3D16AEB
:10339800174801FB03F3216DA0FB0303B1F5807F00
:1033A8004FEA531322D00FD801291AD0102908BF89
:1033B80093631368DB0706D4136A19431162136811
:1033C80043F00103136010BDB1F5805FF1D11364C0
:1033D800EFE7636D002BF6D0B4F8582019B19A6165
:1033E80010BD5363E5E712049A61F9E7D363E0E798
:1033F8001F85EB5110B5C4888388013C82B0002238
:10340800A4B2013BCDE900419BB2114600F0ADFBEF
:1034180002B010BD2DE9F04F1F4689B0B9421646DB
:10342800BDF94830139A00F0A8809E4200F09480BD
:10343800A3EB0608A7EB0109B8F1000FB8BFC8F164
:103448000008B9F1000FB8BFC9F10009C8451D4609
:103458003446BC468E4640F396800C463D4631467F
:103468001F4676466346CA46B9420ADD641BB4461F
:103478000D4684EAE47A1E463946AAEBE47A6346A6
:103488002F464B4DC2F3C40405EA122552092C43BA
:1034980002F4F862224394B2A7EB010B4FF6FF72D5
:1034A800CBF3C035B342C8BF012263BA05FA8BF526
:1034B8009BB21FFA8BFB0494CDF80CB01FFA8AFA62
:1034C8006D100292059383460C4630E0B34252DDFC
:1034D800BBF80630A3424EDD002E4CDB002CA4B214
:1034E80015DBB3B2009422461946584600F060FA3C
:1034F800DDE904319BF848205846012A08BF0B46ED
:1035080001220DF11E01ADF81E3000F0B3FAA5EB53
:103518000A031DB2002D9BB205DA029A1644039ADB
:10352800134436B21DB2013424B2A74220DBC84589
:10353800BBF80430CADCA3421DDDBBF80630B34239
:1035480019DD002C17DB002EA4B2E0DBB2B200922A
:10355800214658462346C9E7B94225DD002907DB3D
:103568008488BC4204DD002B02DBC488B4420CDC36
:1035780009B0BDE8F08FA4B2C9E79E42EEDD34463B
:103588001E462346EAE7C2466EE7139227EAE77724
:1035980026EAE6729BB2129392B28BB2B9B209B024
:1035A800BDE8F04F00F0E1BA3C460F462146D5E7AA
:1035B80000F8FFFF2DE9F04383B00446DDF82C90B6
:1035C800BDF9288000920E461546CDF804901F4696
:1035D800FFF720FF33462A4631462046CDE90089C9
:1035E800FFF718FF31463B4642462046CDE90089A1
:1035F800FFF710FF3B462A4639462046CDE90A899F
:1036080003B0BDE8F043FFF705BF00BF30B49942EF
:10361800BDF908C0039D02DD0C46194623466245E4
:1036280002DD14466246A446002B08DB84888C42DF
:1036380005DDBCF1000F02DBC488944201DC30BC1C
:1036480070471FFA8CF422EAE27221EAE1710395CD
:1036580002949BB230BC92B289B200F086BA00BF25
:103668002DE9F04F8BB0B14C03919046159ADDF8D7
:1036780050909DF85CC004EA1224C2F3C4015209B8
:10368800214302F4F8620A4390F84810D9F804403C
:1036980092B201290492169A00F02881049FA34E41
:1036A800C2F3C40506EA12265209354302F4F86249
:1036B80015430129ADB201D16DBAADB299F8082010
:1036C8009A4204D899F80910994280F00C81002395
:1036D80099F800104A1ED21002F1010BBBF1040F39
:1036E800029200F3A28099F801200BFB03F302FB7E
:1036F800034A4FEACB03013B0126446A9E40BCF1D2
:10370800000F16D0002A00F09080049BCDF850904E
:103718005BBA9BB200270793CDF814B0B946029A5A
:10372800032A00F28780DFE812F0D000CD00D30032
:10373800830008F1FF3313449BB20093039B02906C
:10374800013B0B44424603999BB200F031F90298C1
:10375800026C1AB1B0F844301B049361836B818FFB
:103768009961236823F040032360236823F42C43E2
:10377800236090F84830022B00F0BC80236843F0A7
:103788004003236099F80130002B40D099F800E0FD
:103798004FF0000CBBF1010F00F0C280BBF1020F2B
:1037A80000F0C180BBF1030F00F0C280DAF800100E
:1037B800DA44BEF1000F25D0002201FA02F33342A9
:1037C80014BFBE46AE46A3689B07FCD590F84830A8
:1037D800022B40F09480C4F80CE099F800E0013224
:1037E80096450DDD01FA02F3334214BFB846A846E8
:1037F800A3689B07FCD501329645C4F80C80F1DC20
:1038080099F801300CF1010C6345C3DC026CA36824
:103818009907FCD5A3681B06FCD4236823F0400352
:10382800236012B1B0F8443093610BB0BDE8F08F5B
:10383800DAF80070059B9A440029F6D0039C00250D
:103848000FFA88FB03E00134A942A4B22FDD07FA7E
:1038580005F3334205F10105F5D0828823B29A4277
:1038680048EA040CEFDDC3885B45ECDD1CF4004F2F
:103878002346E8D121464246CDF80080069000F064
:1038880097F80698079990F84820049B012A08BFE2
:103898000B460DF126010122ADF8263000F0EAF8BA
:1038A800149B069819780134A942A4B2CFDC149B62
:1038B8005B7809F101099945B7DA08F101081FFA9F
:1038C80088F82CE7BAF80070B4E79AF80070B1E706
:1038D8009AF802709AF801303F0447EA03279AF8E9
:1038E80000301F43A6E79B1ADBB2F1E6049D6FBACE
:1038F800BFB2D4E6236843F4006323603EE75FFA6F
:103908008EF32373CEF3072EA3689B07FCD584F8A8
:103918000CE099F800E0013296453FF74EAF6FE7AB
:103928009AF8001044E7BAF8001041E700F8FFFFE2
:103938009AF802109AF80120090441EA02219AF83B
:103948000020114334E700BF2DE9F04F1F4685B032
:103958001B780E9E9DF844A0DDE90F8905460C46AC
:103968009346F3B13178AA8821449142284609DD6B
:103978007278E98893441FFA8BFB5A448A424FF0C5
:1039880000040EDC2146CDE9029ACDE900685A46CA
:10399800FFF766FE317817F8013F0C44A4B2002BFC
:1039A800E1D1EC81A5F810B005B0BDE8F08F00BFFB
:1039B80030B52C25B0F80CE0BDF80C4074447244C6
:1039C80034B42B25B0F80AE003EB0E0401EB0E0328
:1039D8002A223CB4D0F824E0036C846BB0F844503D
:1039E800B0F83CC0DEF80000010010F04000F9D14A
:1039F80021F42C4141F04001CEF8001013B14FEAF8
:103A0800054098614FEA0C40A06101BC8EF80C009B
:103A1800DEF8081011F00201FAD0DEF8081011F0F3
:103A28008001FAD12C281AD0C4F818C0022201BC8F
:103A38004FEA10218EF80C10DEF8081011F0020180
:103A4800FAD08EF80C00DEF808108900FBD0013A95
:103A5800EDD1DEF8081011F08001FAD1D2E703B1F8
:103A68009D61DEF8000020F0400040F40060CEF8D0
:103A7800000030BD30B56D40D0F824E0DEF80030ED
:103A88009C4613F04003F9D14CF0400CCEF800C02E
:103A9800036C23B1B0F844C04FEA0C449C61846BBA
:103AA800808FA0610888CEF80C002D4305B902313B
:103AB800DEF8080010F00200FAD0013AF2D1DEF880
:103AC800080010F08000FAD10BB1C3F818C0DEF876
:103AD800000020F04000CEF8000030BDD0F828C02B
:103AE8005CEA0C0C3FF4C6AF30B56D40D0F824E06A
:103AF800DEF800301C0013F040037FF4BFAF44F041
:103B08004004CEF80040DEF8044044F00204CEF849
:103B18000440036C1BB1B0F8444024049C61836BDF
:103B2800848F9C6100F16004C06A182300FB03CCF9
:103B38000CF110004FF6FF739A42CEBFD21A13460B
:103B48000022226043600EF10C0EC0F808E0C1604C
:103B580001682D430CBF41F4806121F4806141F07C
:103B6800010121F40071016030BD30B59942C2BF36
:103B78008E4619467346BDF80C40A242C2BF96460F
:103B880022467446B0F804E0AEF1010E714531DC0E
:103B9800B0F806C0ACF1010C62452BDC7345C8BF18
:103BA80073466445C8BF644682B000945D1A05F147
:103BB8000105A41A05FB04550400FFF7F9FE02B03D
:103BC8000498C0F3C401C0F3852241EA4211C0F34E
:103BD800C44241EAC221A4F86810200000F168013B
:103BE8002A000125D0F828C05CEA0C0C3FF444AF49
:103BF800FFF77CBF30BD30B5B0F804E0714521D285
:103C080001EB030CF4451DD8B0F806E0724519D253
:103C1800039C1519754515D804FB03F4013D82B0C2
:103C28000095ACF101030500FFF7C2FE02B02800C1
:103C380004992200059BBDE830401B433FF41AAFAE
:103C4800FFF74CBF30BD000000B50B00032BC6BF0B
:103C5800043B4FF00C0E4FF0080E0FF2740C1CF8DA
:103C680003C03F2202FA0CF240F80E20182201FB92
:103C7800020000F11000016821F0010101600168F3
:103C880011F00101FBD1134B1B681A6E6AB14FF694
:103C9800FF718A42CEBF521A1146002241601A664D
:103CA800016841F00101016000BD586A416821F0D6
:103CB80002014160816811F08001FBD11A6C12B1D8
:103CC800B3F844109161016821F04001016000BD22
:103CD80000061016840300200138C0B202289CBFD9
:103CE800034B1B5C034888BF0023C375704700BFA4
:103CF800944901081400002000B54FEA102C4FF039
:103D0800000E6CF3070E60F30F2E100A60F3174EC7
:103D180062F31F6E4FF0000C0A0A62F3070C61F39E
:103D28000F2C1A0A054862F3174C63F31F6CC0F88E
:103D380003E0C0F80AC05DF804FB00BF840000205F
:103D4800004870479800002000487047A0000020F5
:103D580003460079B0B11868F8B110B45A79012A4D
:103D68002ED0022A1AD012B301229B79002B39D007
:103D7800022B2FD0032B43D0012B37D001205DF825
:103D8800044B7047204A1968136823EA010313603B
:103D9800536823EA01035360704770471A490C6857
:103DA80004430C604C68044300224C60DDE716496C
:103DB8004C6824EA00044C600C6804430C60D4E7A7
:103DC80011490C6824EA00040C604C680443002282
:103DD8004C60CAE70C4B996821EA00019960D968E0
:103DE8000143D96010465DF8044B7047064BD9680B
:103DF80021EA0001D9609968014399601046BEE73D
:103E0800014B99680143E9E7003C01402DE9F0477F
:103E18000C6894FAA4F2B2FA82F234FA02F37DD072
:103E28004FF0010E4FF0030C4FF00F0A17E0D0F8D7
:103E3800008093FAA3F7B7FA87F793FAA3F3B3FAD4
:103E480083F37F000CFA07F75B0028EA07089D4018
:103E580048EA05050560013234FA02F35ED00EFA2D
:103E680002F32340F7D04D686F1E012F1FD8D0F8FA
:103E7800088093FAA3F7B7FA87F793FAA3F98E683D
:103E8800B9FA89F97F000CFA07F74FEA490928EAD5
:103E9800070706FA09F847EA080787604768CE68FF
:103EA80027EA030706FB03F847EA08074760D0F844
:103EB8000C8093FAA3F7B7FA87F793FAA3F97F0070
:103EC8000CFA07F728EA0708B9FA89F90F694FEADF
:103ED800490907FA09F948EA0907022DC760A6D176
:103EE80093FAA3F7B7FA87F7072F1ADCD0F82080E0
:103EF80093FAA3F7B7FA87F793FAA3F94E69B9FAD1
:103F080089F9BF000AFA07F74FEA890928EA07077B
:103F180006FA09F847EA0807076288E70020BDE8BB
:103F2800F087D0F824901F0A97FAA7F8B8FA88F80B
:103F380097FAA7F74E69B7FA87F74FEA88080AFA97
:103F480008F8BF0029EA080906FA07F749EA070747
:103F580047626CE7B0F5000F01D000207047134BA3
:103F68009A68120220D4186810F000601BD010B4B0
:103F78005C685968D3F88420D3F884300C4814F46A
:103F8800800F0C4CC2F3881208BF204601F03F0195
:103F9800C3F30273B0FBF1F05DF8044B02FB00F0D1
:103FA800B0FBF3F070477047034870470038024091
:103FB80040787D010024F4000080BB0002460068C0
:103FC80010F0400028D1136830B423F47F4CD1E9B5
:103FD80000352B438D684C692B43CD682B430D6905
:103FE8002B438D6923432B43CD692B430D6A2CF05A
:103FF800BF0C2B4343EA0C031360536823F00403FC
:1040080043EA1443B5F5005F53600BD0D36923F43A
:10401800006330BCD3617047D36923F40063012087
:10402800D36170478B8C1361F0E700BFC3695B05F0
:104038003ED470B5C2690D46D1E9003122F433622D
:1040480004460B43A868296922F00F0213436A69E2
:104058000343134343F400630229E3612AD0002891
:104068004FF4000014BF40262026FFF773FFEA68CC
:104078002969B2F5007F034607BF000A00EB8003F9
:10408800B3FBF6F303EB83035B00B3FBF1F30C49DB
:104098000533A1FB03131909881EFD28C3F3C003C8
:1040A80094BF41EA0321022111432162002070BD1F
:1040B80001207047EA6811432162002070BD00BFEB
:1040C800CDCCCCCC244A0368904230B434D0B0F183
:1040D800804F1DD0A2F57C42904219D002F5806233
:1040E800904215D002F58062904211D002F59A32C2
:1040F800904211D002F5806290420DD002F58062A4
:10410800904209D08C680A880360C46282620CE01D
:104118004A6823F070031343CD688C680A8823F437
:1041280040732B430360C4628262436943F0010316
:10413800436130BC002070474C68CA6823F07003A4
:10414800234323F44073134303608A680B88C262D5
:1041580083620B690363E8E700000140B1F5807FE3
:1041680030B403466CD025D801294BD0102946D14C
:10417800016A156921F010010162016A40689C69B1
:1041880021F0200141EA0511156824F4E64444EAC7
:104198000524556821F0100141EA05115A4DAB423A
:1041A80000F09780D26858609C6100209A6330BC08
:1041B80019627047B1F5805F21D1016A156921F450
:1041C80080510162016A4068DC6921F4005141EACA
:1041D8000531156824F4E64444EA0524556821F4B9
:1041E800805141EA0531484DAB4200F08780D268E2
:1041F8005860DC6100201A6430BC196270470120E5
:1042080030BC7047016A156921F001010162016A39
:1042180040689C6921F002012943156824F0730461
:104228002C43556821F001012943374DAB423CD05E
:10423800D26858609C6100205A6330BC196270478C
:10424800016A156921F480710162016A4068DC69BC
:1042580021F4007141EA0521156824F073042C4308
:10426800556821F4807141EA0521274DAB4207D0FA
:10427800D2685860DC610020DA6330BC196270478C
:10428800556921F4006141EA8521956920F480503F
:1042980040EA0510956821F4806141EA8521D569D5
:1042A80020F4005040EA4510E2E7556921F0080182
:1042B80041EA8501956920F480702843956821F0CA
:1042C800040141EA8501D56920F4007040EA4500FF
:1042D800AEE7556921F0800141EA8511956920F41E
:1042E800806040EA8500956821F0400141EA851127
:1042F800D56920F4006040EAC50053E7956920F4C9
:10430800804040EA851072E700000140064BA3FB9D
:1043180000239B094FF0E022013B00200521536157
:1043280090611161704700BFD34D62104FF0E023D8
:1043380082B01B690193421C019B18BF01304FF0EA
:10434800E0221369DB03FCD50138FAD102B07047CB
:10435800014B1860704700BF0400002010B4019C96
:1043680080E81E0000238361C361036243628362A5
:10437800C362DDE902235DF8044BC0E904237047FA
:104388000346026830B4846810695A682469104288
:10439800D8680CBF012200220442D3E904402469F2
:1043A80008BF42F00202044293F82C0008BF42F012
:1043B800040210281DD093F82C00202819D0481E7C
:1043C800012820D9032919D13849186A096888426F
:1043D80014D8187E02F00402002856D1187E68B955
:1043E80062B1012001F132021876D96100201A6207
:1043F80005E003293DD00139012904D9002083F8BB
:104408002C0030BC704793F8251093F82440284DB1
:104418008900C9B283F8251093F8251002F003002B
:10442800014383F8251093F82500996A00F00F00DE
:10443800002C28560CBF01244FF0FF3404FB001158
:104448009962996A03290DDC996A0331D6DA520711
:1044580043BF00221A762020022000229A6283F8A5
:104468002520CCE7510743BF00221A7610200120EF
:10447800F3E70E490968002201F6B8311A76196285
:1044880083F82C20104630BC70475AB901F132002D
:104498001A761862DA69891AB1F5FA6F34BF0420FE
:1044A8000820ACE71A7E002A9BD0A7E77C030020EF
:1044B8009849010880F82410704700BF01F0B6BE83
:1044C80001F0B6BD38B5054C4FF00055A56101F0B7
:1044D800B3FE4FF40053A36138BD00BF000802408B
:1044E8002DE9F843002507688D758369002B00F0D6
:1044F800B180C36A013306460C4622D0F9680888A1
:10450800D0B14FF00208A94635B900F5205292B251
:10451800B2F5006FC0F0B48040F2623140EA054065
:1045280001F0A6FBFF28C9F1FF0340F29580012B9B
:1045380000F2A880002305B10023234400229A75C5
:10454800A57DF2691378202B99B200F0CF80052958
:1045580008BFE523637201235178202988B206D069
:10456800052804EB030008BFE52141720133917867
:10457800202988B206D0052804EB030008BFE521EE
:1045880041720133D178202988B206D0052804EB7E
:10459800030008BFE521417201331179202988B24F
:1045A80006D0052804EB030008BFE521417201335A
:1045B8005179202988B206D0052804EB030008BFEA
:1045C800E521417201339179202988B206D0052866
:1045D80004EB030008BFE52141720133D17920299A
:1045E80088B206D0052804EB030008BFE521417214
:1045F8000133117A202988B20BD0052803F1010074
:1046080004EB0306204408BFE5212E277772023306
:104618004172517A202988B206D0052804EB03009C
:1046280008BFE52141720133917A202988B25FD011
:104638002344052808BFE52159720021997255B312
:10464800D37A03F03F032372D3692360D38AE380CC
:10465800138BA380BDE8F883D8B1002B3FF46BAF70
:1046680004EB090398750123F9689944002531F88A
:10467800080008F1020800287FF446AF4B465AE7C5
:104688000546F4E704EB0902030A9375D075022383
:10469800EAE703464FE7637A1846FBB16FF0070570
:1046A80004F1090108262D1B0CE0192805D8107BF8
:1046B800064203F1200700D0FBB24B73681811F8CB
:1046C800013F5BB198B22E2BA0F14100EDD14B73A5
:1046D800681811F8013F1026002BF3D1204400235D
:1046E8008375137B002BABD16372A9E7002333E7F3
:1046F800E11800204872002DA2D1002BCBD13F2316
:10470800A3750120EAE700BF70B54FF0FF3600231C
:10471800B14204460371866238D194F82C30B4F85B
:104728002A52EB2B0AD01833DBB2012B06D94AF6F2
:104738005520854214BF0320022070BD4AF6552338
:104748009D4209D0B4F837305A1E1A4202D1B3F547
:10475800007F29D0032070BD284E04F17E024FF05F
:10476800080C12F8010B16F8011B431A02D1BCF110
:10477800010CF6D1002B36D0B4F837305A1E1A4245
:1047880002D1B3F5007F30D0022070BD0D460A4635
:104798004078012304F12C01FFF794FE08B9A562C3
:1047A800BBE7A662042070BD94F83930002BD1D045
:1047B8005A1E1A42CED1638F002BB8D094F83C30E1
:1047C800013B012BB3D8B4F83D30002BAFD0B4F87F
:1047D8003F307F2B03D8E36CB3F5803FA7D3B4F801
:1047E8004230002BA3D0002070BD94F83930002B44
:1047F800CAD05A1E1A42DED0C6E700BFA84901082F
:104808002DE9F041046800230B60002C00F098802B
:10481800224602E03A2B00F0908012F8013B1F2B51
:10482800F8D8754B1C68002C00F0AB800C6023781E
:104838002BB16078FFF742FE10F001057AD0002313
:1048480060782370FFF73CFE10F0010571D129460E
:104858002046FFF759FF022876D0042800F08B8005
:10486800012800F28A80B4F83730A06AB3F5007FD7
:1048780040F08380B4F8422002B9226D94F83C30AD
:104888006261591E0129E37077D894F839108EB205
:104898006681002E71D04E1E0E426ED1B4F83DE0F6
:1048A800A4F808E01EF00F0F67D1B4F83F6006B90E
:1048B800E66C678F002F60D002FB03F307EB1E1C2A
:1048C8009C44B44559D8A6EB0C088845B8FBF1F6CA
:1048D80053D34A498E4250D84FF6F5718E4273D859
:1048E80040F6F5718E4200EB070106F1020600EB77
:1048F8000C07A06167622661E16176D8BEF1000FFE
:104908003BD0194406EB460306F0010606EB5303B9
:10491800012003F2FF13B2EB532F21622DD3384A43
:1049280038491388207001339BB21380E380E1601B
:1049380000E003252846BDE8F081A31C9A4222D056
:104948000B252846BDE8F081D4F8F211D4F80262AC
:10495800D4F81282D4F82272D1B90EBBB8F1000F84
:1049680028D157B139462046FFF7CEFE01287FF6F9
:104978007AAF042801D10125DCE70D252846BDE8DA
:10498800F0810C25D6E72378302BD9D1026048E78F
:104998002046FFF7B9FE01287FF665AF002EDDD06F
:1049A80031462046FFF7B0FE01287FF65CAFB8F12C
:1049B800000FD6D041462046FFF7A6FE01287FF615
:1049C80052AF002FD9D0CDE700EB0C016162B4F8EB
:1049D8005610A061B31C07445EEA0101E761236138
:1049E800CBD1A16D9B00032093E7BEF1000FC4D08B
:1049F8001944022073008CE788030020F5FFFF0F9D
:104A08008C03002090030020012930D903699942C2
:104A18002DE9F0410C46054602D30120BDE8F0819E
:104A28000378022B34D0032B23D0012BF5D1C16995
:104A3800806A04EB540801EB5827874247D1C8F332
:104A4800080308F101082B4401EB5827874293F823
:104A58002C6047D1C8F308032B4493F82C3046EA5E
:104A68000320E3074CBF0009C0F30B00D6E7012081
:104A78007047C669836A06EBD1169E4200F12C077F
:104A88001CD1A40004F4FE74385920F07040C5E726
:104A9800C669836A06EB11269E4200F12C0704D1F1
:104AA800640004F4FF74385BB8E7407801233246A9
:104AB8003946FFF707FDF8B9AE62F1E74078012300
:104AC80032463946FFF7FEFCB0B9AE62D9E76878DE
:104AD8003A4605F12C01FFF7F5FC68B9E969AF62C0
:104AE8003846ACE7687801233A4605F12C01FFF710
:104AF800E9FC08B9AF62ADE74FF0FF30A8628DE777
:104B08002DE9F84F8468D0F800800023054603613A
:104B180084BB98F80030022B27D8B8F8083003B3C4
:104B2800D8F82030C5E90543DBB108F12C03EB6167
:104B380000273846BDE8F88FF769B36A07EBD41742
:104B48009F4206F12C095ED1A40004F4FE7459F8C2
:104B5800044024F07044012C03D9D8F81030A34243
:104B68000CD802273846BDE8F88FD8F82030002B3B
:104B7800D3D01C46B8F80A20002A6ED1012C2E6822
:104B8800EFD933699C42ECD23778022F24D0032F17
:104B9800D2D0012FE5D1F069B16A04EB540B00EBD8
:104BA8005B29894538D1CBF308030BF1010B33445A
:104BB80000EB5B29894593F82CA03AD1CBF3080385
:104BC800334493F82C304AEA032AE3074CBF4FEAF0
:104BD8001A14CAF30B04BEE7F769B36A07EB142784
:104BE8009F4206F12C0905D1640004F4FF7439F8DA
:104BF8000440B0E7707801233A464946FFF762FC63
:104C080010BBB762F0E7707801233A464946FFF7D0
:104C180059FCC8B9B76297E770783B464A4606F12F
:104C28002C01FFF74FFCA0B9F069C6F82890494657
:104C3800B9E7707801234A4606F12C01FFF742FCD8
:104C480038B9C6F82890B9E74FF0FF33B3620127A7
:104C58006FE74FF0FF33B3626BE7D8F81030A11E4F
:104C6800023B994204D2D8F8243001FB023359E7B9
:104C78000023C5E9054374E72DE9F04F2DED028BBC
:104C880089B00368039380468A4611F8013B2F2BAD
:104C9800FAD05C2BF8D00023C8F808309AF8003016
:104CA8001F2B40F2B282039BDE680024B51E1AF85F
:104CB800010BA0B904254CB106EB440232F8023DC1
:104CC800202B01D02E2B38D1013CF7D10023338083
:104CD8000622104609B0BDEC028BBDE8F08F40F209
:104CE800623100F0E7FF03460028F1D01F28A44AEC
:104CF800E0D92F2B12D05C2B10D07F2B08D812F8BC
:104D0800010B08B19842FAD1013A1278002ADFD192
:104D1800FF2CDDD025F8023F0134C8E753461D7843
:104D28002F2D9A4603F10103F9D05C2DF7D01F2DE2
:104D38008CBF00250125AD00BDE7002326F81430FF
:104D48003188202908BF324640F0D78132F8021F47
:104D58002029994603F10103F8D009F1020945F029
:104D68000305EDB206EB440333F8022D2E2A01D0D9
:104D7800013CF9D108F1200202920B2320201B43A9
:104D880003D002F8010B013BFBD1002900F0788227
:104D98004FF0000B534608225F46C24620291BD01D
:104DA8002E2900F08481BA4240F28F814C4500F0F0
:104DB80081817F2900F2B081DFF8C8C11CF8010B9E
:104DC80008B18842FAD1BCF1010C9CF80000002817
:104DD80000F0D481A846B7E145F00305EDB236F8F6
:104DE800191009F101090029D8D1D0469A4698F836
:104DF8002030E52B04BF052388F82030082A00F06E
:104E08006F810BF00C030C2B00F073810BF0030384
:104E1800032B00F06E8105F002035BB91BF0010F54
:104E28001CBF45F01005EDB21BF0040F1CBF45F088
:104E38000805EDB288F82B504046D8F800B0FFF7C7
:104E48005FFE0246002840F02782D8F81870CDF897
:104E580014A0FF224FF0FF330192C8F82C301546FA
:104E68000BF12C06B946DBF828304B4514D09BF8DB
:104E7800010001234A463146FFF724FB50B10122C5
:104E88004FF0FF331046CBF8283009B0BDEC028B49
:104E9800BDE8F08FCBF82890D8F81C402178E1B114
:104EA800E37AE52903F03F0088F8060005D013F0FF
:104EB800080231D00F2800F089804FF0FF33C8F87E
:104EC8002C30FF25D8F81040D8F800702034B4F5FD
:104ED800001F05D30023C8F8183098F82B30E1E0FC
:104EE800D8F81890B9F1000FF7D0C4F3080363B9E4
:104EF800D8F8141009F10109C8F81890002943D10D
:104F08003A89B2EB541F40F2C9802C371F44C8F8C5
:104F18001040C8F81C70A6E70F2857D0002D6BD09A
:104F280098F82B70F907C8D4DDF808C00B2514F8D9
:104F3800010B1CF8011BB0EB010E01D1013DF6D1AC
:104F4800BEF1000FB9D1DDF814A079073FF5C1AE65
:104F5800D80640F1AA800399D8F8102001F12C0353
:104F6800C2F308020978134403295A8B04BF9B8AA9
:104F780042EA0342C8F80820D8F8003094E600BF97
:104F8800B4490108C04901087A89013A12EA542A49
:104F9800BBD138460493FFF737FD012840F2B580AE
:104FA800431C00F0B0803969049B884280F0AF80D0
:104FB8000239C8F81400023888423BBF79897A6AF6
:104FC800994600FB0129C8F818909EE798F82B30FD
:104FD8005B063FF577AF4F065DD5627BD8F810309A
:104FE800019201F0BF05C8F82C30637B019A934207
:104FF80000F0CD80FF2565E721786578C80140EA93
:1050080051002844C0F34601A57841EAC01155FA79
:1050180081F1C1F34600E57840EAC11055FA80F005
:10502800C0F34601257941EAC01155FA81F1C1F36F
:105038004600657940EAC11055FA80F0C0F3460190
:10504800A57941EAC01155FA81F1C1F34600E57925
:1050580040EAC11055FA80F0C0F34601257A41EACA
:10506800C01155FA81F1C1F34600657A40EAC110D2
:1050780055FA80F0C0F34601A57A41EAC01155FA05
:1050880081F10198C9B281427FF44AAFDDF814A0DA
:1050980098F82B7059E7A942ACD1A6E798F82B30BD
:1050A800C8F818105C0700F1F580052211E64C4598
:1050B8007FF492AE0B2A00F0B3804FEA8B0B5FFAB5
:1050C8008BFBA1460B22082789E60B2A00F0A88053
:1050D8004C45F2D045F00305EDB2FFF486AEECE79F
:1050E8004FEA8B0B0BF00C030C2B5FFA8BFB7FF456
:1050F80092AE45F00205EDB29CE62E294FF001096B
:105108007FF430AE2BE60122E3E50222E1E598F8D0
:105118002B30C8F818A0C5E7084640F2623104935E
:10512800019200F0A5FD45F0020810F0800F019AE9
:10513800049B5FFA88F8014611D000F07F015A48B5
:10514800415C002940F0AE8048F003085FFA88F51A
:105158005F210AEB0700013780F820103FE6FF289F
:10516800EFD9501EB84269D90AEB07004FEA112C53
:105178004546013780F820C0C9B2EAE7A1F14100ED
:1051880080B219285FD84BF0020BC9B2E1E7638BF4
:10519800002B7FF42FAF2778DFF81091069507F0E2
:1051A8003F07013F07EB470307EB8307DBF80C30AA
:1051B800CDF8108008EE106A079309F10D0A012056
:1051C8001D46A04610E0FF2F204618D800F086FDA7
:1051D800034635F817001F4600F080FD87420ED1C0
:1051E80020463746D14538D019F8013B7E1C38F89F
:1051F80003400028E7D14FF6FF739C42F2D0DDF858
:10520800108018EE106AFF255CE68023404688F877
:105218002B3009B0BDEC028BBDE8F04FFFF770BC36
:10522800D0469A4698F8203045F00305E52BEDB2B4
:105238007FF4E7AD052388F82030E2E545F0030563
:10524800EDB21746CBE5A1F1610080B219289CBFE9
:1052580020394BF0010BC9B27BE74446069D237801
:10526800DDF810805C0618EE106A06D528B1079B99
:1052780033F81730002B7FF4BDAE013DEDB221E6C7
:1052880098F82030E52B7FF4D5AD05238B4688F8B8
:105298002030C0E504221CE5042898F82B307FF460
:1052A80018ADFFE6454687E5C8490108484A0108A0
:1052B80000B583B0CDE9001009B38C4601E03A2B64
:1052C8001AD01CF8013B1F2BF9D8114B196811B1E2
:1052D800002018600870019911B100200880196039
:1052E8001AB9104603B05DF804FB01A96846FFF738
:1052F80087FA03B05DF804FB8B1C9C4503D00B2098
:1053080003B05DF804FB0B78302BF8D1DDE700BF64
:105318008803002070B590B00191002833D004466E
:1053280003A901A81546FFF76BFA18B100232360FB
:1053380010B070BD039E0199049604A8FFF79CFC69
:105348000028F3D19DF93B30002B1FDB9DF8163068
:1053580013F0100001D00420E8E731780B9B0329F3
:105368005A8B04BF998A42EA0142A260DB69E36072
:10537800F388A38005F00102002326602274637479
:10538800E3616361D4E7092010B070BD0620CDE762
:105398002DE9F04F1F46002383B03B6050B10368EE
:1053A80004463BB115461A7822B1DA8888468188C6
:1053B800914205D04FF00909484603B0BDE8F08F87
:1053C8005878FFF77BF8C107F4D494F81190B9F135
:1053D800000FF1D1237C13F00103009300F08E80BD
:1053E8006169E668D4F800A0761AAE4228BF2E4656
:1053F800002EE1D0C1F3080204F1200B002A35D1B8
:10540800BAF80A30013B13EA512342D0A069DAF80E
:1054180010200238023A904248D2BAF80A10DAF854
:10542800242001FB0022002A40D0B6F5007F1A4450
:1054380044D303EB562088424FEA562588BFCD1A3D
:105448009AF801002B464146FFF73CF8002846D160
:1054580061696B023A6819441A44F61A3A6098442A
:105468006161A9D0C1F30802002AC9D0C2F500734E
:10547800B34228BF33465A4445469C465CEA0C0C66
:1054880006D012F8010B05F8010BBCF1010CF8D19C
:10549800E0E761BBA068012808D9421C1FD0DAF8F0
:1054A8001020A061023A02389042B6D34FF00209A8
:1054B800484684F8119003B0BDE8F08FE369934241
:1054C80008D09AF80100019201235946FEF7FAFF25
:1054D800019A20B96169E261C1F30802C6E7DDF803
:1054E800009001234846637403B0BDE8F08FA169BA
:1054F80020680193FFF788FA019BCCE74FF0070972
:105508005AE700BF98B1036810B504462BB11A7862
:105518001AB18188DA88914201D0092010BD5878E3
:10552800FEF7CCFF10F00100F7D1206010BD092074
:10553800704700BF2DE9F04F83B040B103680446BF
:105548002BB11A781AB18088DA88904205D04FF0CA
:105558000909484603B0BDE8F08F58780091FEF776
:10556800ADFFC207F3D494F81190D4F800B0B9F1A4
:10557800000FEED1E3680099994228BF1946636984
:10558800C4F814900029E4D0BBF80A60760213B37B
:10559800013B4A1EB3FBF6F0B2FBF6F282421AD385
:1055A8007242A76913406361002F40F0D680C3F3AD
:1055B8000803002BCDD0E369BB42CAD09BF8010099
:1055C80001233A4604F12001FEF77CFF81460028BA
:1055D80035D1E761BDE7A568A561002DB9D08A4638
:1055E8000023564580F0B7803344012D636107D00E
:1055F800AAEB060A5F46CDF800903B69AB4204D897
:105608004FF0020984F81190A3E73B78022B35D0BC
:10561800032B19D0012BF3D1FA69B96A05EB5508A8
:1056280002EB5829894545D078784A4607F12C017C
:10563800FEF748FF002839D04FF0FF33BB624FF028
:10564800010984F8119084E7FB6903EBD518BB6A5C
:10565800984507F12C0909D0787801234246494634
:10566800FEF730FF0028E7D1C7F82880AD0005F421
:10567800FE7559F8055025F0704533E0FB6903EBDA
:105688001528BB6A984507F12C0909D078780123B9
:1056980042464946FEF716FF0028CDD1C7F82880B4
:1056A8006D0005F4FF7539F805501BE0FA69C7F875
:1056B80028904946C8F3080308F101083B4402EB67
:1056C80058228A4293F82C901CD1C8F30808B84491
:1056D80098F82C3049EA0329EB074CBF4FEA191513
:1056E800C9F30B05012D8BD9DBF81030AB4287D9F4
:1056F8005645A56112D2636927683344AAEB060AA6
:1057080063617AE778780192012307F12C01FEF7AB
:10571800D9FE019A00288FD1BA62D6E76369DDF80D
:1057280000905344CAF308076361002F3FF43FAF6A
:10573800DBF81020023D023A9542BFF461AFBBF896
:105748000A20DBF8247005FB0277002F3FF458AFDE
:1057580007EB5A272BE70B46E4E73D46A1EB030A84
:105768003FE700BF30B585B0019100282FD004462F
:1057780003A901A8FFF744F818B10023236005B076
:1057880030BD039D019925602046FFF775FAD0B911
:1057980094F92B30002B0BDBA379DB0615D5297880
:1057A800E2690329538B04BF928A43EA0243A36048
:1057B800EB88A3802046FFF7A3F9042805D000282A
:1057C800DBD105B030BD0428D7D10520D5E70920A5
:1057D80005B030BD98B1036810B504462BB11A78EE
:1057E8001AB18188DA88914201D0092010BD587811
:1057F800FEF764FE10F00100F7D1206010BD09200B
:10580800704700BF2DE9F04F85B048B103680446E2
:1058180033B11A7822B1DA8889468188914205D055
:105828004FF0090A504605B0BDE8F08F5878FEF7EA
:1058380045FE10F0010AF3D1B9F1000F00F0C38062
:10584800A66927688EB3FF230193984607F12C0BAE
:10585800BB6AB34212D07878012332465946FEF724
:1058680031FE50B14FF0010A4FF0FF32002350468D
:10587800BA62A36105B0BDE8F08FBE62E36919782A
:1058880099B1DA7AE52902F03F02A27105D02E29F2
:1058980003D022F02000082850D125694FF0FF08D6
:1058A8002035B5F5001F23680ED30023A3614946B0
:1058B8002046FEF715FE256926682035B5F5001F38
:1058C80053D30023A361ADE7A669002EEDD0C5F33D
:1058D80008026AB961690136A66171B91A89B2EB21
:1058E800551FE2D92C332561E361002EB0D1DEE7E4
:1058F8002C3313442561E361AAE75A89013A12EA75
:105908005522EFD1184603920293FFF77DF801283C
:1059180040F2D180421C00F0CB80029B196988427A
:10592800C3D20239606102388842039A80F0BB8092
:105938005A895E6A00FB0266A661D3E70F2A40F027
:10594800BD8048060CD55A7B2569019201F0BF0835
:10595800E56211465A7B8A423BD04FF0FF089FE729
:1059680041452569F9D10199F4E7A369002B3FF472
:1059780059AFC5F308070FBB61690133A36100295B
:1059880000F08C807389013B13EA552816D1304604
:10599800FFF73AF8012840F26781431C00F0618163
:1059A800336998428DD2023B60610238984203D233
:1059B8007289736A00FB0238C4F818802C363E449A
:1059C8002561E6612EE7204605B0BDE8F04FFFF7F8
:1059D80097B85A8B002AC0D11A7822F04002013AAF
:1059E80002EB420102EB8102FF2AB3F80110B4D89E
:1059F800F86820F812104FEA420CB3F80360002947
:105A080040F0AD804FF6FF729642A6D1B3F805E09C
:105A18004FF6FF729645A0D1B3F807604FF6FF72B4
:105A280096429AD1B3F809E04FF6FF72964594D1A1
:105A3800DE894FF6FF7296428FD1B3F810E04FF629
:105A4800FF72964589D15E8A4FF6FF72964284D1DD
:105A5800B3F814E04FF6FF7296457FF47EAFDE8A06
:105A68004FF6FF7296427FF478AFB3F818E04FF61E
:105A7800FF7296457FF471AF9E8B4FF6FF72964288
:105A88007FF46BAFB3F81EE04FF6FF739E457FF4CB
:105A980064AF08F1FF385FFA88F801E73389B3EBA0
:105AA800551F8BD80DE72C33A2612561E361FEE613
:105AB8004FF0010A05E74FF0020A02E7B8F1000FBC
:105AC80049D1197858785D7ACA0142EA51020244EC
:105AD800C2F34601987841EAC21150FA81F1C1F344
:105AE8004602D87842EAC11250FA82F2C2F346015D
:105AF800187941EAC21150FA81F1C1F34602587986
:105B080042EAC11250FA82F2C2F34601987941EA98
:105B1800C21150FA81F1C1F34602D87942EAC112A2
:105B280050FA82F2C2F34601187A41EAC21150FAD9
:105B380081F1C1F3460242EAC11255FA82F2987A1B
:105B4800C2F3460343EAC21350FA83F3019ADBB265
:105B580093423FF4ACAE4FF0FF33E362A7E6FF2A6F
:105B680002F101013FF4F9AE20F811604900B3F8E1
:105B780005E0002E3FF44CAFFE2A3FF4EEAE0144A0
:105B8800A1F802E0B3F80760BEF1000F3FF446AF9A
:105B9800FD2A3FF4E2AE8E80B3F809E0002E3FF410
:105BA80043AFFC2A3FF4D9AEA1F806E0DE89BEF186
:105BB800000F3FF43EAFFB2A3FF4CFAE0E81B3F89F
:105BC80010E0002E3FF43BAFFA2A3FF4C6AEA1F82E
:105BD8000AE05E8ABEF1000F3FF436AFF92A3FF4BF
:105BE800BCAE8E81B3F814E0002E3FF433AFF82A30
:105BF8003FF4B3AEA1F80EE0DE8ABEF1000F3FF429
:105C08002FAFF72A3FF4A9AE0E82B3F818E0002EA2
:105C18003FF42DAFF62A3FF4A0AEA1F812E09E8B18
:105C2800BEF1000F3FF429AFF52A3FF496AE8E82FD
:105C3800B3F81EE0002E3FF427AFF42A3FF48DAEF0
:105C4800A1F816E01B7859067FF523AFBEF1000FC7
:105C58003FF41FAFF32A3FF480AE60440023438330
:105C680017E74FF0010ADDE54FF0020ADAE500BF59
:105C78007F2801D880B27047B0F5803F03D240F248
:105C88006233994201D000207047094A002301E09D
:105C9800802BF8D032F8021B81421FFA83FC03F1F3
:105CA8000103F5D10CF1800C1FFA8CF0704700BF8E
:105CB800084D01087F2804D940F26233994201D087
:105CC80000207047FF28FBD800F10040024B8038C5
:105CD80033F81000704700BF084D0108B0F5803F49
:105CE8001ED2264B264A30B5B0F5805F28BF134632
:105CF80084B204330DE08C4210D333F8022C5FFADF
:105D080082FC0CEB010E70454FEA122209DB0433CA
:105D180082B133F8041C1D460029ECD1204630BD61
:105D28007047082AFAD8DFE802F0241E1B1815125B
:105D38000F0C080005EB4C03DBE7A4F5E354A4B211
:105D4800ECE7503CA4B2E9E70834A4B2E6E71A3C11
:105D5800A4B2E3E7303CA4B2E0E7203CA4B2DDE71C
:105D6800103CA4B2DAE7631A03F00103E31A9CB209
:105D7800D4E7401A33F81040D0E700BF584A01086A
:105D88004C4C010870B483B0404CFF238DF80730A9
:105D9800A36D23F00103A365236F23F00103236799
:105DA800A36DDB07FCD4236FDE07F9D44FF07C63C7
:105DB800A3603F23E360364B364E5D6845F003052C
:105DC8005D60A56D3540A565E56E25F08005E56645
:105DD800256F35402567D4F8845025F08005C4F830
:105DE80084501D6845F040051D60A36D00283CD017
:105DF80023F4C063A365236F23F400732367236F21
:105E08000DF1070043F480632367E16760661F496B
:105E1800214B8B670B664A67CA658B6D43F001039C
:105E28008B650B6F43F001030B674B689D06FCD530
:105E38000B681C01F9D50B6F144A23F001030B679B
:105E48008B6D23F001038B65136FD807FCD4936D1A
:105E5800D907F9D40E4A536823F0030353609368B3
:105E68001B06FCD403B070BC704723F40073A36511
:105E7800A36D43F48063A365236F0DF1070023F43A
:105E8800C0632367E0676166C1E700BF0060024046
:105E980000380040E1FFFBFF0C380040F8B51C4D0E
:105EA8001C4C2E6807464FF0FF3E84F80CE0A368B0
:105EB800DB07FCD5A06810F08000FBD12B6894F8B4
:105EC8000CC09B1B642B5FFA8CFC20D8BCF1FF0F25
:105ED800EBD0BCF1FE0F1AD18AB23946FFF752FF58
:105EE800FF230C4A23739368D807FCD5094A9368A3
:105EF8001906FCD4FF230749107B13738B68DA0754
:105F0800FCD5044A93681B06FCD4137B0120F8BD1A
:105F18007C03002000380040030670B504460D4697
:105F280069D4404B404A4FF4805199614FF08051F9
:105F38009961FF2313739368DE07FCD53A4A936887
:105F48001806FCD43948137B0668374B4FF0FF3CE2
:105F580083F80CC09A68D107FCD59A681206FCD45D
:105F68000268197B921B642AC9B242D8FF29EFD173
:105F78002D4A1C739368D807FCD52B4A93681906D9
:105F8800FCD4137B284B182125FA01F2D2B21A73DC
:105F98009A68D207FCD59A681606FCD4083911F11C
:105FA800080F1A7BF0D1402C2ED0482C14BF0123A7
:105FB80087231D4A13739368D807FCD51A4A936838
:105FC8001906FCD44C2C137B20D0174B0A214FF018
:105FD800FF341C739A68D507FCD59A681006FCD460
:105FE8001A7BD0B2120603D54A1E12F0FF01F0D177
:105FF80070BDFF2070BD00217720FFF78DFF0128BD
:10600800F6D804F07F048CE79523D2E7FF230649EE
:1060180013738B68DB07FCD5034A93681E06FCD410
:10602800137BD2E700040240003800407C030020C4
:1060380079487A4B4FF4805270B582611A6822F021
:1060480040021A601A6822F038021A601A6842F090
:1060580030021A601A684FF0805542F040021A6008
:1060680082B00A244FF0FF31856119739A68D0070E
:10607800FCD59A681206FCD4621E12F0FF04187B45
:10608800F3D121464020FFF747FF0128054610D0ED
:106098006349614B0C704FF480529A6161480378F0
:1060A800DE072BD5037843F001030370007802B0B4
:1060B80070BD4FF4D5714820FFF72EFF012845D158
:1060C80001AE564A02AD31464FF0FF34147393685F
:1060D800DB07FCD5936813F08003FBD1107B01F834
:1060E800010B8D42F2D19DF80620012A64D04C485C
:1060F800494A03704FF480519161CFE74649474AB6
:106108004FF08054FF238C6113739368DD07FCD52F
:10611800424A93681C06FCD4434C137B26683F4BC9
:106128004FF0FF351D739A68D107FCD59A6812069F
:10613800FCD42268197B921B642AC9B201D8FF29B2
:10614800F0D1354B4FF480529A61ABE72146E920F4
:10615800FFF7E2FE022836BFE92641260225002184
:106168003046FFF7D9FE04460028F8D14FF40071F5
:106178005020FFF7D1FE2A49274B4FF48052C0B96F
:106188000D709A612748254B027802F0FE020270D2
:106198001A6822F040021A601A6822F038021A605F
:1061A8001A681A601A6842F040021A60007802B051
:1061B80070BD0C709A6171E79DF80720AA2A96D1E4
:1061C8004FF08041E920FFF7A7FE04460028F7D1E9
:1061D80001467A20FFF7A0FE00287FF459AF0F4B45
:1061E8004FF0FF3119739A68D007FCD59A681206E8
:1061F800FCD41A7B06F8012BB542F3D19DF8043084
:10620800074913F0400F044B14BF0C2004204FF42F
:10621800805208709A61B5E70004024000380040D7
:1062280090050020A60000207C030020014B187870
:10623800704700BFA60000202DE9F843002B61D06D
:106248001E463A4B1B78D8076BD4394B1B780F4640
:10625800190758BF5202012E11463FD05220FFF7AE
:106268005BFE804600283DD1324D334C4FF0FF098C
:10627800D5F800C049462173A268D307FCD5A068A9
:1062880010F08000FBD12B68227BA3EB0C03642B5E
:10629800D2B230D8FF2AEED0FE2A2CD14FF40072A9
:1062A8003946FFF76FFD84F80C90A368D807FCD532
:1062B800A3681906FCD4237B84F80C90A368DA073A
:1062C800FCD5A3681B06FCD4013E237B07F50077A9
:1062D800CED100214C20FFF71FFE05E05120FFF72B
:1062E8001BFEA0B14FF00108144B4FF480529A6185
:1062F8004046BDE8F88300214C204FF00108FFF725
:106308000BFEF1E74FF004084046BDE8F8834FF470
:1063180000713846FFF7C2FDB0FA80F84FEA581806
:10632800E2E74FF003084046BDE8F883A6000020E6
:10633800900500207C030020003800400004024043
:10634800016070470381009B8180C2804381704750
:10635800C16070470161704780F8351080F83620B9
:1063680080F83730704700BF80F83410704700BF9E
:1063780090F82800704700BF4069704780697047EF
:106388002DE9F04F8246ADF56D7DDAF800500489AD
:10639800BAF80430AE88016940890A7849782344FC
:1063A800B34204AF4EDCBAF80630ED880344AB4282
:1063B80048DCB4FBF2F3022BFB6243DDB0FBF1F3E4
:1063C800BB63002B3ED0DAF80C007863F86A03FB55
:1063D80001F100FB02F203FB01F379623A62FB6010
:1063E80000BFDAF8141007F14000FFF7BBF9386373
:1063F80000BF002840F04B849AF829306BB9DAF8CE
:106408002430DAF81C2052F82320CAF82C20DAF8B5
:10641800202052F82330CAF8303001231C4600BF30
:1064280007F5B87107F14000FFF7ECF900BF88B92C
:1064380097F8863173B197F8783113F0060FEED1DB
:106448000134ECE701238AF8283007F56977BD465F
:10645800BDE8F08FDAF81030FC635A78FB6893FBDC
:10646800F4F39A42B8BF1A46BB6B3A619C4204DD0A
:10647800FB6A033B18BF01233B6300BF002107F100
:106488004000FFF7BFF900BF002840F00084B86261
:1064980007F170098346D0460EE0D8E90B329B1A03
:1064A8005B4504DCBA6B13445B4500F3FD80FB6B72
:1064B8000BF1010B5B4519DD002389F80030BBF1B6
:1064C800000FEAD000BF07F5B87107F14000FFF7E9
:1064D80099F900BF50B997F886313BB197F87831F0
:1064E80013F0060FD9D0FB6B5B45E5DCD7E9093221
:1064F8009342C24600F3B5829AF83430012BA4D0F7
:106508007B6B93F82430002B00F085823B6B002BCB
:1065180039D0DAE90B329C1A3A697B6A9B1A03FB79
:1065280004F4D7E90E239B1A94FBF3FBBBF1000F8D
:1065380040F08E833D8C5E46D7F81090BAF8043050
:10654800BAF80620DAF810107C6B0978E469DAF8F2
:1065580000001FFA89F832442B4408F1FF3C9BB233
:106568001CFA82FC591A0FFA8CFC013BCDE900C4D5
:106578001BB209B212B2FDF749F87B6A0BEB0904AA
:106588009C42C0F23683FB6B01255C1E02F0A6F923
:106598009AF8363005FA03F313EA000104D0DAF862
:1065A8002C60A642C0F2BA829AF8353005FA03F395
:1065B80013EA000204D0DAF82C60002E00F3CD8232
:1065C8009AF8373005FA03F31840DFD0002940F075
:1065D800D68272B1DAF83030DAF82C60013B23EA5F
:1065E800E373013ECAF83030CAF82C6000283FF443
:1065F80044AFDAF82C40002C00F0868397F89032EC
:10660800DB0640F18C83DAF8145028460AF0FCF9CE
:10661800044607F29E200AF0F7F92044811C284618
:106628000AF0A0FDAD49CAF814000AF097F9DAF8A3
:10663800140007F29E210AF091F9DAF82430DAF80A
:106648001C00DAF82C2040F82320DAE90832DAF8BE
:10665800301043F82210DAF824305A1C0233CAF8F2
:10666800242099000AF07EFDDAF82430CAF81C00CC
:1066780001339900DAF820000AF074FDDAF81C20DA
:10668800DAF82410CAF82000002342F82130DAF89A
:10669800242040F822308AF8293000BF07F1400052
:1066A800FFF798F800BF9BE67B6B5B68FB61BBF16B
:1066B800000F40F01981FB6A89498A4D5A1E3B6BCD
:1066C8004846D31ABB610AF00BF9D8F81030B8F86D
:1066D800062058781E783B8DB8F8041078611A4463
:1066E80092B20138D8F800A0BB6010444B1E80B2AB
:1066F8003344DAF8244000909BB25046FDF758F92D
:106708005046FCF7BBFC5046FCF7C0FC236823F05E
:1067180040032360236823F42C4323609AF848300D
:10672800022B03D1236843F400632360236843F0FA
:10673800400323607B69002B4FD0002E4DD00020F2
:106748009E46C7F800B095F805C0002200FB0CFC77
:10675800BCFBFEFC95F804B029680BFB02F3B3FB05
:10676800F6F30BFB0C3331F813B0A3689B07FCD589
:106778009AF84830022B1ED101329642C4F80CB068
:1067880026D02B797B6103FB0CFB7B6902FB03FCA6
:10679800BCFBF6FCDC4431F81C307B607B69D4F828
:1067A80008C01CF0020FFAD001327B6196427B6868
:1067B800E360EADC0CE05FFA8BF323734FEA1B2BF0
:1067C800A3689907FCD50132964284F80CB0C1D170
:1067D80001308645B7D1D7F800B0A3689A07FCD531
:1067E800A56815F08005FBD1236823F040035046C7
:1067F8002360FCF73DFC4846FAF71CF9024620B333
:106808002C464FF0A80A4D4607E005F801CCFAF7E8
:1068180011F902460134944217D215F8013B83F06E
:10682800800603F120012F2E4846C9B203F1400C1F
:10683800EBD90F2903F110063ED805F8016CFAF7D9
:10684800F9F8013402469442E7D34846BC690AF095
:10685800DBF8A04280F26081221A202148440AF025
:1068680017FD00237A6B09F804301BF0010F136938
:1068780018BF5369D8F82C205A4569D0B8F80620B3
:10688800B968D8F81040B8F8040011448AB22178E1
:106898000144D8F800000293FB69CDE900430023C6
:1068A800039389B24B46FDF74FF8D8F81030BA6A0F
:1068B8005B781A44BA62FAE5F02B09D0F12BA9D11A
:1068C8006FF0470305F8013CFAF7B4F80246A1E770
:1068D80005F801ACFAF7AEF802469BE7B0150108D7
:1068E800084E0108B450010807F5C3700AF08CF887
:1068F800FB6A5A1E3B6BD31A9842BB6140F28580F3
:1069080097F87831D90640F1CA80FB6ADA1E3B6BEA
:1069180007F5C3714846D21A09F0E2FFC449484650
:106928000AF01CF897F87831DA061AD57B6BC14D56
:106938001B68FB61D8F82C305B457FF4C6AE4FF47A
:106948008C7207F5B87107F522700AF0FBFCBCE6FB
:10695800796B91F824208868F861002A8ED08B69B9
:106968008CE707F5C3700AF04FF807F5B8731530D0
:1069780003446D4607F2851403E032782E2A00F0AE
:1069880001819C421E4603F1FF33F6D107F5C3701F
:10699800AD460AF039F807F5B873153003446D466B
:1069A80003E00A782E2A00F008819C42194603F178
:1069B800FF33F6D107F5C370AD460AF025F807F5A1
:1069C800B873153003446D4603E00A782E2A00F0A8
:1069D8006381A342194603F1FF33F6D107F5C3706B
:1069E800AD460AF011F807F5B873153003446D4643
:1069F80003E00A782E2A00F06B81A342194603F1BE
:106A0800FF33F6D1AD468C4D94E707F5C371484680
:106A180009F0C8FF86E7DAF81000DAF83020457880
:106A28003C6B0078BAF80630BAF8041010FB04F092
:106A3800541C12FB05F214FB05F41A443D6A013B91
:106A48001C444B1E2B447D6BAD6924B21B1A12B239
:106A5800DAF800001BB2CDE9004509B2FCF7AAFD3F
:106A680054E5D8F81030B8F8041018783B6B3C6A35
:106A780010FB03F0B8F806301A445D1E7B6A1D440B
:106A88004B1E23447C6BE468ADB21B1A92B2D8F853
:106A980000009BB2CDE90054FDF767F82CE507F537
:106AA800C37009F0B1FF07F5B87200F1160313447B
:106AB80000E01046421E00283FF427AF13F8011DDE
:106AC8002E29F6D101283FF420AF07F5C3731C180F
:106AD800204609F099FFFB6A3A6B033B9B1A1A1A86
:106AE80007F5C371484609F0FBFE484609F08CFFDC
:106AF8000546204609F088FF2844BD694C492A1AF2
:106B0800484609F0FDFE484609F07EFF21462A1A4C
:106B1800484609F0F5FE05E70446A2E69AF835204E
:106B28009AF8373005FA02F205FA03F302401840E2
:106B3800DAF83030591CBB6B994204DAFB6B994286
:106B4800B8BFCAF830100136CAF82C60002A7FF4A2
:106B580041AD00283FF491AC4BE59AF8373005FA7F
:106B680003F31840DAF8303000293FF437ADBC6B36
:106B7800591CA142E2DB0136CAF82C602CE5DAF890
:106B88002C60D5E7304609F03FFF093020F00703B5
:106B9800ADEB030D314604AE304609F003FF27493B
:106BA800304609F0DBFE264831460AF079FB00281A
:106BB8003FF4ECAEAD46234DBCE60846796109F0DA
:106BC80023FF093020F00703ADEB030D04AE79690C
:106BD800304609F0E7FE1949304609F0BFFE1A4869
:106BE80031460AF05DFB00283FF4E4AEAD46174D90
:106BF800A0E6BAF80630DAF810107C6B0978246A37
:106C0800DAF80000984406EB08025E1E7B6A1E4410
:106C1800BAF804302B449BB236B2591A013BCDE97D
:106C2800006412B21BB209B2FCF7F0FCABE400BF7F
:106C3800084E01089C500108A45001080C4E010898
:106C4800104E010894500108704F0108AC5001081B
:106C5800BAF80430BAF80620DAF810103D8C7C6BCC
:106C68000978246ADAF800002B441FFA8BF6013AF7
:106C780032449BB20FFA82FC591A013BBAF906203A
:106C88001BB2CDE900C409B2FCF7C0FC54E40223EE
:106C98008AF82830FFF7D9BB0846796109F0B4FEB5
:106CA800093020F00703ADEB030D04AE79693046D7
:106CB80009F078FE4049304609F050FE3F48314619
:106CC8000AF0EEFA00283FF489AEAD463C4D31E6B5
:106CD8000846796109F098FE093020F00703ADEB0A
:106CE800030D04AC7969204609F05CFE3249204660
:106CF80009F034FE334821460AF0D2FA00283FF45E
:106D080081AEAD46304D15E6DAF82430F3B9DAF83D
:106D18001C201360DAF8202013600023BBE4DAF8A3
:106D2800180008B10AF06AF907F29E2009F046FE39
:106D38004FF48073CAF81800AAF8283000BF07F18A
:106D48004000FEF747FD00BFFFF77FBBDAF81400ED
:106D580009F05AFE431E0BD4DAF81420D15C2F290F
:106D680002EB030023D0D454013BF5D2012100E00B
:106D7800411CDAF814000AF0F5F9DAF82410CAF818
:106D880014008900DAF81C000AF0ECF9DAF824108B
:106D9800CAF81C008900DAF820000AF0E3F9DAF8EA
:106DA8002430CAF82000013BCAF82430B5E7591C42
:106DB80000230370DDE700BF0C4E0108B44E010844
:106DC800BC5001081C500108C450010838B56021A6
:106DD80001200AF0EDF80421044601200AF0E8F841
:106DE800042103460120E3610AF0E2F803460D4856
:106DF800236209F0E3FD0C4D0C4A0D4B0D49A263CB
:106E08000D4A6061C4E90F530C480D4BC4E91112D7
:106E18000C490D4AC4E913030C4BE365C4E9151288
:106E2800204638BDB04901084D6300084963000891
:106E3800596300085D630008616300087163000816
:106E48008963000879630008816300088563000886
:106E58002DE9F041214BD0F89C501B6884B00E46B8
:106E6800144603B36A89B4F804C0E7882989DFF8AF
:106E780074801846174463886244B4F800C00B4411
:106E8800BFB261444FF0000C9BB292B289B2C8F80D
:106E980004C0CDE9007609F053F9114AD8F8041076
:106EA80013680B441360A28821886388E488688982
:106EB8000134A41A02442889A4B201335B1A01449C
:106EC8006868CDE9004601249BB292B289B2029467
:106ED800FCF791FE002004B0BDE8F0811401002009
:106EE80094050020001000E070B5D0F89C6033686D
:106EF8005D68AA4228BF2A46144629B1084619687F
:106F08000AF020FA33685D681A682D1B2244C3E929
:106F18000025204670BD00BFD0F89C3070B51B68B6
:106F28005C681868944282B016D200245E685C607F
:106F3800164CC1B100234FF480350193C4F880503A
:106F4800BFF34F8FBFF36F8F324601ABFEF720FAC6
:106F58000198256002B070BD5C68A41A5C60164692
:106F68000A4C0029E6D14FF48035C4F88050BFF3AD
:106F78004F8FBFF36F8F41693144FEF7DBFA00286A
:106F88000CBF30460020256002B070BD00E100E073
:106F980070B5B0B000240690ADF81E2028489DF8C2
:106FA800D8200460BDF8D050ADF81C101C46002A4B
:106FB80031D0012A02D0052030B070BD359A214960
:106FC8001268039205AB359A00935268049208AE92
:106FD80003AA059242F6E0631B4A304600F03AF8ED
:106FE8000028E9D1BDF83C30BDF83E20A34201DCC1
:106FF800AA4209DDB4EB530F02DBB5EB520F1DDAE1
:10700800B4EB930F14DA032002461049304600F01F
:10701800B3FC30B070BD3599059105AB08AE00934F
:10702800094A0B4942F6E063304600F013F8D7E707
:10703800B5EB920FB4BF03200220E5E70120E3E798
:1070480094050020F16E000898050020596E00088C
:10705800216F00082DE9F04F93B080460D46924607
:107068001C98A0224FF0000B4146124303D001F8B0
:1070780001BB013AFBD1AD4AC8F89C001278C8F8A8
:107088009850B3F5806FC8E924A388F88820C0F029
:10709800CC80A3F58063C8F894300AF58063C8F8FB
:1070A8009030C8F808A0BAF1000F00F03A815C46A9
:1070B8004FF6D87608E09AF8003043EA0424A4B2E0
:1070C800B4420DD0D8F89850012251464046A847FE
:1070D80001280BF1010BEED0022013B0BDE8F08FB0
:1070E800DFF85092CDF808B0D346D8F8983004228B
:1070F8005946404698470428EED1BBF80220BBF811
:10710800003052BA92B25BBA022A9BB240F217829E
:10711800190AFF2940F01382029CDBB2911C0C442F
:10712800DA2B0294A2F1020A00F04E8115D8C03B76
:107138009BB2192B08D87E4901229A400A4270D185
:10714800042B78D0D3071ED4D8F8983052460021A3
:10715800404698475045C8D0BEE7DB2B00F0EC808E
:10716800DD2BF1D1BAF5806FB7D8D8F898305246F0
:107178005946404698475045AED1BBF800305BBAF7
:10718800A8F81A30B1E7BAF5806F00F2D383D8F8BF
:107198009830524659464046984750459CD1BBF8CE
:1071A80003305BBAA8F81C30BBF801305BBAA8F80A
:1071B8001E309BF8052088F8132002F0FD03012BF0
:1071C8002FD19BF80730112B03D0A3F121010129FE
:1071D80027D8190903F00F0388F80E1088F80F3024
:1071E8009BF8083088F81030032B1AD8012A3FF48E
:1071F8007CAF9BF80A30112B13D19BF80B3088F821
:107208001130032B0DD8032A7FF46FAF9BF80D3094
:10721800112B06D19BF80E3088F81230032B7FF61D
:1072280064AF082013B0BDE8F08F0320C8F808B099
:1072380013B0BDE8F08FBAF5806F00F27B83D8F801
:107248009830524659464046984750457FF444AFD7
:10725800CDF81CB0CDF828A0CDF82080CDF840B0EE
:107268000A9B102B40F26B81079B197811F0EE02F4
:1072780040F06581089BD3F894300F2B51D9089DB5
:10728800103BC5F89430D5F8903003F11000C5F8DC
:107298009000002B45D00809022401F00F010E913F
:1072A80014FB010105EB8106079C336261781970B4
:1072B8000990A07858700844E178997008442179B9
:1072C800D9700844617919710844A1795971084441
:1072D800E17999710844217AD9710844617A19725F
:1072E8000844A17A59720844E17A99720844217BCA
:1072F800D9720844617B19730844A17B0F9608442E
:107308005973E17B99730144207CD87341180C911F
:107318004900D5F89400033121F00301814240F27D
:107328001381032013B0BDE8F08F00BF00000020D8
:10733800EEEE0002EC5D0108BAF5806F3FF6CDAEC7
:10734800D8F89830524659464046984750457FF4F9
:10735800C3AE0BF10207BAF1400F40F2F08017F804
:10736800023C13F0F00F384640F0E980D8F894203A
:10737800FF2AD6D9D8F89050A2F58072C8F8942080
:1073880005F58072C8F89020002DCAD003F00303D9
:1073980014336C4A48F8235017F8013C5B032B6000
:1073A80002F13F0612F8011F10F8013B39F81140AD
:1073B800964204FB03F345F82130F3D1BAF1410AB0
:1073C80007F14107C7D190E65246B2F5806FDA4619
:1073D800DDF808B03FF681AED8F8983051464046FF
:1073E80014469847A0427FF477AEB8F81C30002BBB
:1073F80000F0A580B8F81E30002B00F0A08098F8A7
:1074080013209AF8003093427FF40BAF002B3FD043
:107418009AF8022012B1112A7FF403AFD8F820207D
:10742800002A00F08C80D8F82420002A00F08780F9
:1074380098F81020143258F82220002A7FD0012B07
:1074480026D09AF8042012B1112A7FF4EAAED8F8AF
:107458002820002A73D0D8F82C20002A6FD098F85A
:107468001120143258F82220002A68D0022B0FD09D
:107478009AF8062012B1112A7FF4D3AE98F8122098
:10748800143258F82220002A59D0032B7FF4C9AEB1
:1074980098F80F3098F80E2013FB02F3002B4ED00B
:1074A800DB0103F14000B0F5807FD8F8942038BFA5
:1074B8004FF48070B2EB400F4FEA4001C0F05482A5
:1074C800C8F88400D8F89000C8F87C00521A002444
:1074D8000144C8F89420C8F89010C8F880400028E3
:1074E8003FF41FAF03F580739A42C0F03882D21A76
:1074F800C8F894200B44CBF30902C8E923134AB116
:107508009244D8F89830C2F5806251464046984770
:10751800C8F80000C8F804A00020DEE50A461132C9
:10752800204610440D9A0790511E04E0834201F84A
:10753800012F00F0258113F8012B0B2AF6D906201C
:10754800CBE500BF6C5E0108401A1190C5F89400A5
:10755800D5F890000B9041180D91C5F890100028AF
:107568003FF4DFAE93465A1E0F3306920092306303
:1075780005935A468646009B13F8018F009308F13D
:10758800FF340394B8F1000F00F0A4800EEB4B0118
:107598004B085B42092C03F003034FEA4B0040F20F
:1075A8008981002B00F056812EF80020501C049091
:1075B80086B2012BA8F102000BF10107019011D04E
:1075C8004E80A8F10300961C032BB6B20BF10207FC
:1075D800019007D103328E8096B2A8F104020BF114
:1075E8000307019200221146B01C60F30F01A8EBBB
:1075F800030A701C66F30F025B440EEB430360F34F
:107608001F424FEA9A0CF01C60F31F4103EBCC0CAD
:10761800151D0020044665F30F00C2F30F451A60DC
:107628002A1D62F31F400246081D60F30F04C1F3D0
:107638000F405960011D083361F31F449C452146E2
:10764800E6D12AF00302019B16445245B6B217440C
:10765800A3EB020138D0731C2EF817609AB27F0092
:10766800002931D00EEB070301295A8006F10202E6
:1076780092B229D09A80022906F1030292B223D04D
:10768800DA80032906F1040292B21DD01A81042976
:1076980006F1050292B217D05A81052906F10602B1
:1076A80092B211D09A81062906F1070292B20BD044
:1076B800DA81072906F1080292B205D00936B6B276
:1076C80008291A8218BF5E82DDE9032312FA83F3C0
:1076D800C3449AB2009B059952008B4292B27FF440
:1076E8004AAF0A9B0C99113B8B420393FFF427AFD7
:1076F800119ACB1C23F003039A42FFF412AE0D98A3
:10770800089CD21A0344C4E9243200283FF409AE85
:107718000F9B079C186404F11103002900F01D81D8
:10772800099A002A3FF4FAAE04F11202821A022AD8
:1077380040F203814A1E052A40F2FF808C0800EBC4
:1077480084040246194651F8040B42F8040BA2427D
:10775800F9D10C9D25F00302AA4203EB02010CD0DB
:107768000D9E985CB054501C854206D902324C7864
:107778003454954201D98978B1540C9A134407932B
:10778800089BD3F89420099B002B00F0AC80B2F53D
:10779800006FFFF4C6AD089BA2F50062D3F890B065
:1077A800C3F894201A460BF50063C2F89030BBF179
:1077B800000F3FF4B6AD0E9B02EB83034FF0FF3191
:1077C800C3F86CB04FF400725B46124303D043F821
:1077D800041B013AFBD14FF0000C0D9ECDF804B00C
:1077E80001270020069B13F8014F069364B3012379
:1077F800C7F10A0503FA05FE099B4FEA071A4FEA83
:10780800072B73BB0B9B00F1004B0BF1FF3B00F107
:10781800FF3803EB4B0BB0443BF8023F18F8012F3D
:10782800AB40C3F30903634442EA0A0271460943C1
:1078380003D003F8012B0139FBD1A6EB0803013B68
:107848000344E342E8D120440A2F07F1010337D06B
:107858001F46C7E71646039A0192721C5F460492B8
:10786800C0E60B9BCDF800C000F1004A0AF1FF3AD0
:1078780000F1FF38DDF804C003EB4A0AB0443AF8D7
:10788800023F18F8012FAB40C3F309030CEB430385
:1078980042EA0B027146094303D023F8022B01394F
:1078A800FBD1A6EB0803013B0344E342E7D1DDF833
:1078B80000C0C8E7531C214616465F460493CAE633
:1078C8000E9A089B03EB4203099A13440C9A83F817
:1078D8006500039B9B1A0A937FF4C2ACDDF82080F5
:1078E800DDF840B001E4B2F5806FFFF41AAD089BF3
:1078F800A2F58062D3F890C0C3F894201A460CF51C
:107908008063C2F89030BCF1000F3FF40AAD0E9BC3
:1079180002EB83034FF0FF31C3F874C04FF4807259
:107928006346124303D043F8041B013AFBD1DDF848
:1079380024B052E70420FFF7D0BB0C9A02F11100E3
:10794800079A024410460D9A511E1A4612F8014B26
:1079580001F8014F9042F9D10FE7079313E7C8F8F0
:107968008C400320FFF7B9BB0023C8E92030C8F8D2
:107978007C300320FFF7B1BB2DE9F04F9BB0032A01
:107988000190179100F28A87817BC37B4273CA00FA
:10799800DB001292C28B1593002343610383002AF4
:1079A80000F01781808B139311930E93002800F039
:1079B800098100230B93019B5A8B32B111994B1CFF
:1079C8008A429BB200F0AE841193019CD4E91F2334
:1079D800A07BE17BD31810FB01F10793C1F10103F0
:1079E800D4F88C000A934B1E0D910C900F930F9BAB
:1079F8000A9A0D991344994200F2ED80002A00F08A
:107A08007A84019BDB7C032B00F0818420234FF0D8
:107A180080110C9A1B4303D042F8041B013BFBD195
:107A28000A9B0C9A01338032032B0A930C92DED105
:107A3800019A0B9C917BD67B908B039108230D4672
:107A480013FB014115FB03FB81424FEAC603D2F841
:107A58007CC00496D2F880200A9300F23C845946F0
:107A6800019B0E9E0A9CDB8BA5199D4288BF9B1B20
:107A7800019E96F80D8098BF234631FA08F10D91C2
:107A880000F0908033FA08F31D460F9300F08A80C7
:107A98000B9820FA08F39BB2ADF86030013B0B4419
:107AA8000E99ADF8623021FA08F39BB2ADF8643054
:107AB800013B0CEB02042B44B8F1030F0C94ADF816
:107AC800663000F0228696F888E0BEF1010F40F299
:107AD8007484D6F88C400A9D0C9E002304EB031294
:107AE800102D02D1082B28BF80320021BBF1100FC6
:107AF80002D1082908BF703232F9020BBEF1020F19
:107B080004D180F3080006F8010B07E0A0F3C500D4
:107B180040EA801040EAC02026F8020B013159459E
:107B2800E4D30133AB42D9D3B8F1000F40F0A086BB
:107B38000D9B2BFA08F5AB4227D2019B93F88820BE
:107B480002F0FD03012B00F01A842AB90D9B03EB08
:107B580043030D9305EB45050F9B012B15D00C9E98
:107B6800DDF834E0B44601247644AC44334662463A
:107B78007146094305D012F8010B03F8010B0139CE
:107B8800F9D10F9B0134A342EED1019D0C99179CAA
:107B980018AA2846A04710F0FF0040F03F81D5F80A
:107BA8008020A88B002A40F399830B9A12990A44E3
:107BB80001990B9200238242C1F88030FFF4FBAE9A
:107BC800019BDA8B0E9B15990B449A420E933FF654
:107BD800EDAE002022E100230593099301990B7B68
:107BE8000C6E03F01F054FF0FF32AA4013F0100689
:107BF800D1E9000A24EA020440F0C082884698F8D5
:107C080064301BBB58B9D8F808A0D8F898304FF49E
:107C18008062514640469847002800F0A2821AF830
:107C2800013B0138002E00F03281002B00F09F82CA
:107C380088F86430FF2308350F2D43EA042400F246
:107C48009D8298F864300026002BDBD005F10803EC
:107C580024020F2B44F0FF0404D8240244F0FF044C
:107C680005F11003019D059A2C66C5E9000A05EB8C
:107C78008202A3F10A01039224FA01F1526F565CC1
:107C8800FF2E00F07F820999A3EB16132A46DBB278
:107C980002EB41092B7306F00F06B9F914B0002E58
:107CA80040F0B582019D099BEB1800211B7C143321
:107CB80055F8233008931A46079B126802FB0BF20B
:107CC800121243F8042B3F22124303D043F8041B3B
:107CD800013AFBD14FF0010B514695F80C802C6E00
:107CE80008F01F064FF0FF33B34018F0100824EADD
:107CF800030440F0458295F86430002B48D10028F1
:107D080053D1D5F80890D5F898304FF48062494699
:107D180028469847002800F024824946013811F87F
:107D2800013BB8F1000F48D0002B4FD085F86430E4
:107D3800FF2343EA042406F108030F2B42D9C5E9BF
:107D48000001039A2C66A3F10A06D26E24FA06F6FD
:107D580032F816804FF6FF72904539D0A3EB1826FB
:107D6800F6B25FFA88F32E73002B72D00BEB131A5E
:107D7800BAF13F0F51D813F00F0840F08D80BAF1D7
:107D88003F0F0AF1010B00F0F080D5E90001A4E7EC
:107D980006F1080324020F2B44F0FF04CFD8240275
:107DA80044F0FF0406F11003C9E789464946013843
:107DB80011F8013BB8F1000FB6D1FF2BB9D14FF044
:107DC800010898E71E464FF0000894E7FF23B0E744
:107DD800059E069305EBC60205EB4606D2F824C0BD
:107DE80096F866E0566B526C06EB4E0696440CF11C
:107DF8001002029203EB0C020CF10A08CCF1010A02
:107E080004928C46724608EB0A0318F801EBBEF19F
:107E1800000F06D1029B9845F5D106201BB0BDE89E
:107E2800F08F0499A1EB0809964424FA09F96146F0
:107E380003E00132724500F0988136F802CBE14543
:107E4800F7D11E46069B9E1BF6B22E731378002BA5
:107E58008CD1019B93F88830023B012B40F25D8264
:107E6800BBF1010F40F08880079B0C991B68002B21
:107E7800B8BFFF331B1280331AB242EA03422023F1
:107E88001B4303D041F8042B013BFBD1C8E5FF2B72
:107E98007FF4D1AE0126B2E606F01F064FF0FF339D
:107EA800B340B04524EA030423D827E2002840F071
:107EB8004481D5F808B0D5F898304FF48062594617
:107EC80028469847002800F04C815946013811F897
:107ED800013BB9F1000F00F03981002B00F03F8120
:107EE80085F86430FF230836B04543EA042440F29D
:107EF80012824FF0000995F86430002BD6D006F1B5
:107F080008032402984544F0FF0404D9240244F0ED
:107F1800FF0406F11003A3EB08032B7303F01F0300
:107F28002C66DC40002CC5E900012146C0F2CF8454
:107F380008F1FF38012303FA08F3234203D15B0059
:107F4800C3F101031919A64B13F80A20089B53F82B
:107F5800223001FB03F307991B12BAF13F0F41F8D6
:107F680022300AF1010B7FF410AF019B93F888309F
:107F7800023B012B40F2FD81019B5B7B032B3FF40D
:107F880073AF07990C984FF0080C51F8042BCB6B82
:107F9800CC6FD1F8BC504FF4B55E5E1B0EFB06F6F5
:107FA800ED18C5EB2636171BF31902EB0408BC1BAA
:107FB80008EB0502A8EB0505D1F8DC60CF69D1F81C
:107FC8009C80D1F85C9007EB060A09EB080E0EEBD3
:107FD8000A0BAAEB0E0A02EB0B0E41F804ECA2EB1B
:107FE8000B02C1F8DC204FF4B55202FB0AFEA7EBE6
:107FF800060AA8EB09090AEB090641F6905202FBAA
:1080080006F6361342F6CF1202FB09F2A6EB223827
:10801800A8EB0B08C8EB2E3741F2511202FB0AF20B
:10802800A6EB2236F61B03EB0802CA61A3EB080293
:10803800C1F8BC20E219CA63E21BC1F89C20AA1946
:10804800CA65AA1BCA67BCF1010C9ED14FF0080C87
:10805800203951F8202B51F8183C51F8104C51F8A0
:10806800085C02F500424FF4B55E5E1B0EFB06F697
:10807800ED18C5EB2636171BF31902EB0408BC1BD9
:1080880008EB0502A8EB050551F8046C51F81C7CB7
:1080980051F80C8C51F8149C07EB060A09EB080EF2
:1080A8000EEB0A0BAAEB0E0A02EB0B0E4FEA2E2E72
:1080B80020F810EBA2EB0B02121220F8022C4FF45E
:1080C800B55202FB0AFEA7EB060AA8EB09090AEB60
:1080D800090641F6905202FB06F6361342F6CF1215
:1080E80002FB09F2A6EB2238A8EB0B08C8EB2E37E7
:1080F80041F2511202FB0AF2A6EB2236F61B03EB01
:108108000802121220F80E2CA3EB0802121220F813
:10811800042CE219121220F80C2CE21B121220F87F
:10812800062CAA19121220F80A2CAA1B121220F8DF
:10813800082CBCF1010C8CD172E48B4659460138ED
:1081480011F8013BB9F1000F7FF4C7AEFF2B7FF4A4
:10815800CAAEB04540F2DF804FF00109CBE6FF23FD
:10816800C1E602201BB0BDE8F08F8C4652E6083508
:10817800FF230F2D43EA04247FF663AD2B4671E5F8
:108188003346DCE52946059D01EBC50201EB4501B7
:10819800156B91F86560116A126C01F10A0EC1F154
:1081A800010901F1100B591805EB460532440291FB
:1081B8000EEB09011EF8016B46B9DE453FF42DAE02
:1081C8000EEB09011EF8016B002EF6D006EB020C2F
:1081D800029EA6EB0E0824FA08F8664605E000BFE2
:1081E8006C5E01080132B242E7D035F802CBE045B7
:1081F800F8D15B1A0199DBB20B7316780A46099914
:1082080002EB4109B9F914B0002E3FF44BAD4FF021
:10821800FF329A409E421D4624EA020440F24683F9
:108228004FF000085346CA46B14626464446DDF894
:10823800048098F8642002BB60B9D8F8083002932B
:1082480019464FF48062D8F8983040469847029B08
:10825800002886D013F8012B01389CB3CAB388F8DC
:108268006420FF220835A94542EA062640F2198310
:1082780098F864200024002ADED034464E46D146C1
:108288009A4608352402AE4244F0FF04F9D8019A10
:10829800AB1B137303F01F0324FA03F3002BC2E98B
:1082A800000A14661946C0F20B83013E0122B2404F
:1082B8001A4203D15200C2F10102D1188B44A9F825
:1082C80014B0EFE4FF2ACDD1A94540F2EA82012497
:1082D800AFE7FF22C6E7011BFFF7C2BB0B9A129C50
:1082E80001992244D1F884300B928242C1F880303F
:1082F800FFF461AB64E4059209926FE4A6EB08030E
:108308002B7303F01F032C66DC40214610E6012383
:108318000992059362E43346FDE5099B002B7FF43F
:108328007FAB9DE5019A92F8644055681168002C6E
:1083380000F08182002344F47F4482F8643024F002
:1083480027039BB24FF6D07293427FF466AD139A1F
:1083580084EA020313F007037FF45FAD013292B29F
:108368001392019A13735361138301231193FFF737
:108378002CBB099B002B3FF4FFADFFF751BB0D9AB7
:108388004FEA420E0F9A012A4FEA45053FF4FDAB2A
:108398000C9EB4467644AC440D9C32466146244358
:1083A80005D031F8020B22F8020B013CF9D10F9AE3
:1083B80001339A42EED1FFF7E8BB049B002B59D05A
:1083C8004FEA0B13059300230293019BD3F88C60AB
:1083D8000A9B102B00F08F81059BF318029A06EB7D
:1083E8000216039A002A39D00025B3F900C0B3F960
:1083F80080E0BBF1100FACF1800CAEF1800E00F004
:10840800518131460233019AB1F9008092F88820EF
:108418000236002A40F0E9802D2000FB0EF008EB20
:10842800601080F3080A172000FB0EF10B2000FBF8
:108438000C10A8EB601080F30809712000FB0CF009
:1084480008EBA01080F308020135AB4584F800A0C2
:1084580084F80190A27004F10304C6D1059A029B26
:10846800103205920A9A01339A420293ADD1019BC8
:1084780093F80D80B8F1000F3FF45AAB019B01202F
:1084880093F888E000FA08F04FEA48030793ABEB4B
:10849800000ABEF1000F40F0FA810AEB4A0A0323F2
:1084A800049A002A3FF444AB039A002A3FF440ABF5
:1084B80003FB00F3099303FB0BF316930C9B109338
:1084C80000EB40020693002341001493D31CCDF81F
:1084D80020B0029204919B46109B039300230399BA
:1084E800059300283DD0002426462346A446BEF125
:1084F800000F4ED1CA1C01EB0B0512F8038C434444
:1085080012F8028C0332464412F8048CAA424444FE
:10851800F3D1029A8A180CF1010C604502EB0A01AA
:10852800E5D1079AD340BEF1000F20D1069A0799EA
:1085380013701346CE40CC400333567094700693A4
:10854800039A0999059B0A440392089A03449A429C
:10855800059340F2C180019B039993F888E00028B5
:10856800C1D1034604460646BEF1000FDED0BEF177
:10857800010F00F0A080BEF1020F00F0A8809BB2AE
:108588009A0142EAC3221343069A22F8023B069252
:10859800D6E7BEF1010F0FD0BEF1020F1ED08846FC
:1085A800002538F8022B013502F01F02A8421344B7
:1085B800F7D1049A8A18AEE78846002538F8022BC6
:1085C8000135C2F3841903EBD223A84202F01F023B
:1085D8004E441444F2D1049A8A189CE70A1811F8F8
:1085E800015B8A422B44FAD195E72D2202FB0EF259
:1085F80008EB6212A2F3C502172101FB0EF10B2052
:1086080000FB0C11A8EB6111A1F3C501712000FB5F
:108618000CF008EBA010A0F3C50040EA811040EA76
:10862800C2290135AB4524F8029B27D116E732460B
:108638000233B2F9009002362D2202FB0EF209EB4A
:108648006212A2F3C502172101FB0EF10B2000FBF9
:108658000C11A9EB6111A1F3C501712000FB0CF00D
:1086680009EBA010A0F3C50040EA811040EAC22837
:108678000135AB4524F8028B7FF6F0AEB3F900C0A4
:10868800B3F980E0BBF1100FACF1800CAEF1800EB5
:10869800CDD1082D05F0010208BF703603EB420367
:1086A8003246C6E7082D05F0010208BF703603EB15
:1086B80042033146A7E6079AD44044EAC324D64089
:1086C800069B44EA861423F8024B069338E7069A79
:1086D80002F8013B069233E7109A1699149B0A4454
:1086E80010920A9A03449A42149340F29D80019B87
:1086F80093F888E0F0E6029A53082033072A06EB3D
:1087080003137FF66BAE803668E60A9BD6F88C407A
:1087180003FB0BF304EB430234F913C0B2F980E016
:10872800049BACF1800CAEF1800E002B3FF400AA44
:10873800039B002B3FF4FCA94FF0000A0C9BDDF8CB
:108748000480CDF808A08034002522E02D2000FB0D
:108758000EF006EB601080F3080A172000FB0EF1FC
:108768000B2000FB0C10A6EB601080F308097120A9
:1087780000FB0CF006EBA01080F3080283F800A0C1
:1087880083F801909A7003330835AB4504F18004EF
:1087980016D998F8882034F9806C002AD6D0012A96
:1087A8001BD0022A38D0A6F3C50040EA801242EA5C
:1087B800C0220835AB4523F8022B04F18004E8D821
:1087C800029A0A9908329142029228D9082AD8F8BE
:1087D8008C40B8D104F58074B5E72D2202FB0EF267
:1087E80006EB6212A2F3C502172101FB0EF10B2062
:1087F80000FB0C11A6EB6111A1F3C501712000FB70
:108808000CF006EBA010A0F3C50040EA811040EA86
:10881800C22923F8029BB7E703F8016BB4E7019B71
:1088280093F80D80FFF784B9019BDDF820B093F829
:108838000D80FFF77DB9904602264FF480624046CE
:1088480049B9D8F80850D8F89830294698470146C9
:1088580000283FF486AC15F8013B012E43EA0424B6
:1088680001F1FF31A4B210D1019BC3E9001566E5FF
:10887800012000FA08F04FEA48030793ABEB000A1F
:10888800BEF1030F06D001230AE60126D5E7BEF1A3
:10889800010FF5D14FEA4A0A022301E60520FFF746
:1088A800BDBA34464E46D1469A46F0E4019A9B1B1F
:1088B800137303F01F0324FA03F314661946F4E450
:1088C8005B42D8B200283FF4B3A8FFF7A7BA6442C6
:1088D800E0B200283FF4ACA8FFF7A0BA70B50B4E81
:1088E800357885B10A4B1C785CB10A4B19464C2285
:1088F80051F8044B184608F0B1FC013D00223570D0
:10890800C264204670BD2C46204670BD79340020D4
:10891800783400207C340020044B187820B1044BB4
:108928001878003818BF0120704700BF793400203C
:10893800783400200023C0E90023C0E902317047E1
:108948000346426801F01F01F0B4C1F11F009C68A2
:1089580022FA00F08A405A60621A002A4FEA500050
:108968009A6001DBF0BC7047DD68032DA1EB0401C0
:108978002BDC00245C60002D45D01E68741C1C6034
:108988003478012D4FEA04245C600CD0B71C1F60BA
:1089980077783C432402022D5C6004D0F71C1F60EA
:1089A800B67834432402C5F10306F600B44002F158
:1089B800200604FA01F1F440204302EBC502002529
:1089C800C3E90225F0BC596070471E683746741C1D
:1089D8001C6017F8024B1F6024065C60777844EA35
:1089E8000744F71C5C601F60B77844EA0724371D0A
:1089F8005C601F60F6782032344304FA01F1D440F9
:108A0800043D2043DCE72946D7E700BF10B40468DB
:108A18008368611AC3EBC103981A5DF8044B704769
:108A280030B1036823B15869003818BF0120704776
:108A38004FF0FF30704700BF002800F0D180036876
:108A4800002B00F0CD800A78FF2A40F0C9802DE97C
:108A5800F04F4C7804F0E002E02A40F0BE80E208D3
:108A680014F0180F1ABFD24302F0010202221A7042
:108A780091F801C0CCF3410CCCF10409C3F804907F
:108A88004D78ED4305F001059D608F783F09DF6063
:108A98008C78C4F381041C618E78C6F340065E614D
:108AA80091F802E00EF0010EC3F818E091F803E027
:108AB8004FEA9E1E83F81CE091F80380C8F3011862
:108AC800C3F8208091F80380C8F3C008C3F8248055
:108AD80091F80380C8F38008C3F8288091F80380D0
:108AE800032C08F00308C3F82C8076D0B9F1040FE2
:108AF80073D00F2F71D04FF0DE0BDFF800A10BFB06
:108B080002FB4FF04A0818FB04B8D044BEF1010F2D
:108B1800C3F8348009D04FF00008BEF1030FC3F842
:108B2800208002D14FF0010801E04FF00208C0F8A0
:108B3800BC8702EB4208002AC0F8D09780F8D427F7
:108B480008EB04094FEA420A274ACCF1030C52F811
:108B58002920C0F8C02708EB0C09244A32F91990DB
:108B68000CBF02220122C0F8C42799FBF2F2C0F818
:108B7800C82737B3BEF1030F0CBF52460AF10102F2
:108B8800C4EB0414C8EB081ECCEB0C1C7444F4446E
:108B98003C44BC44164F37F91440164F37F912209D
:108BA800A21A043AA2EB45023244C0F8CC27124A72
:108BB80032F91C20C2EB421402EB8402D200C0F846
:108BC800B8271DB91D630420BDE8F08F8A8852BA02
:108BD80092B206201A63BDE8F08F4FF0FF30F3E73A
:108BE8004FF0FF30704700BF14860108388601082F
:108BF800F4880108E8880108048501084C86010802
:108C08002DE9F04F8DB0002801F0B280036883464B
:108C1800002B01F0AD8042680392002A01F0A88081
:108C28001A7800921B7F002A00F0E280032B01F0E3
:108C38007E80002308ADCDE9081300221123082106
:108C48002846CDE90A23FFF77BFE1123069302216C
:108C5800039C20602846FFF773FE6060DBF8C4378A
:108C68000593002B40F3BC80009B002BDBF8BC373E
:108C780001930CBF04270927002B40F3B180039B05
:108C8800029300230493CDF81CB0029C00260C210B
:108C98002846FFF755FE0921A0622846FFF750FE37
:108CA8000821E0622846FFF74BFE39462063284634
:108CB800FFF746FE6063DDE90910421E4B00002AFB
:108CC80009934FEAD1710A92C0F27881A16388466C
:108CD800002900F0C48002212846FFF731FEDDE9B3
:108CE8000932511E4FEA430E0029E0634FEAD37C54
:108CF800CDF824E00A91C0F20C824FEADE6E9B01A7
:108D08004A1F002AC4F840C009930A92C0F292830D
:108D18004FEAD3685B01511F0029C4F844E0099366
:108D28000A91C0F22F825A0FDB00C4F84880A1F1E3
:108D3800030E4FF00008C645C4F84C800993CDF8DF
:108D480028E0C0F250844FEA5378DB002265AEF188
:108D58000302002A09930A92C0F24A82590FDB00E3
:108D6800C4F854800993D31E002B0A93C0F20784D9
:108D7800A165002840F08F81E36D6063C4E90A00B3
:108D8800C3F114032366DDE909320098D90F5B00AB
:108D9800002800F0A08000206066501E002809937B
:108DA8000A90C0F2A680DA0F5B00A1660993431E01
:108DB800002B0A93C0F23A81019BE26601369E427B
:108DC80004F148047FF463AF029A049B9032029244
:108DD800059A0133934204937FF457AFDDF81CB032
:108DE800039B1B68CBF8D83706980DB0BDE8F08F09
:108DF800032B00F08B870022202308ADCDE90A233E
:108E08000891009B099309212846FFF799FD202323
:108E180006930321039C20602846FFF791FDDBF8A9
:108E2800BC376060002BDBDDDDE90972143404EB2C
:108E3800031C4FF0000AA4F11003561EF90F002E70
:108E48004FEA470709970A96C0F28A80324643F8E4
:108E5800041FA342F1D110346445ECD1FEE6A2F11F
:108E6800050C5801BCF1000FC4E90F110990CDF8A9
:108E780028C04FEAD361C0F24B83C00E9B026164E5
:108E8800ACF10501002909930A91C0F2E981DA0ED3
:108E98005B01A06409934B1F002B0A93C0F2038364
:108EA800E26404212846FFF74BFDDDE90931CA1EBB
:108EB8004FEAC30C002AE065CDF824C00A924FEAB5
:108EC8005370C0F2EF804FEADC711B0120660098F6
:108ED80000287FF460AF02F1FF3CBCF1000F09935A
:108EE800CDF828C0C0F2FF8308466246D90F5B0060
:108EF80052E7DDF82CC0BCF1030FC2F1010340F3C7
:108F08001C82DDF820E002F11F00F0460EF101029C
:108F1800089218F8022BCDF82080120609929EF8C4
:108F2800018042EA08420EF103080992CDF8208038
:108F38009EF8028042EA08220EF104080992CDF850
:108F480020809EF803E04EEA020202FA03F3C240D0
:108F58001143ACF1040CDA0F5B00CDF82CC024E708
:108F68000B980328C2F1010E40F3B181089FB8465F
:108F78007E1C089618F8026BCDF8208036060996F4
:108F880097F8018046EA084607F103080996CDF8E4
:108F9800208097F8028046EA082607F10408099617
:108FA800CDF82080FF781F323E4306FA0EF7D640F0
:108FB80004383143CDE90A20099748E7DDF82CE069
:108FC800BEF1030FC0F1010C40F3FB81AEF10402C6
:108FD800DDF820E0F0460EF10103089318F8023B93
:108FE800CDF820801B0609939EF8018043EA0843C8
:108FF8000EF103080993CDF820809EF8028043EA19
:1090080008230EF104080993CDF820809EF803E0A8
:109018001F304EEA030E0EFA0CF32EFA00FE41EA58
:109028000E010B92CDE9093002464FE60B99032950
:10903800C0F1010C40F31183DDF820E000F11F03BB
:10904800F0460EF10100089018F8020BCDF82080C8
:10905800000609909EF8018040EA08400EF10308D6
:109068000990CDF820809EF8028040EA08200EF191
:1090780004080990CDF820809EF803E04EEA000E1F
:109088000EFA0CF02EFA03FE043942EA0E02CDE97C
:109098000A31099090E6022800F01C830723E36553
:1090A8000D236FE6DDF82CE0BEF1030FC1F10303D9
:1090B80040F35583DDF820C001F11D02AEF104082C
:1090C8000CF10101E64608911EF8021BCDF820E0DC
:1090D800090609919CF801E041EA0E410CF1030EE2
:1090E8000991CDF820E09CF802E041EA0E210CF14C
:1090F800040E0991CDF820E09CF803C04CEA010168
:1091080001FA03F3D1400843D90F5B00CDF82C8056
:10911800DCE6DDF82C80B8F1030FC2F1010340F35F
:109128009E83DDF820E0F1460EF10101089119F85F
:10913800021BCDF82090090609919EF8019041EA9A
:1091480009410EF103090991CDF820909EF802908B
:1091580041EA09210EF104090991CDF820909EF801
:1091680003E01F324EEA010101FA03F3D1404FEA4E
:10917800D36EA8F104084CEA010C5B01CDF82C80F1
:109188001146BDE5DDF82CE0BEF1030FC2F1050381
:1091980040F36C8402F11B09089A9246511C08910D
:1091A8001AF8021BCDF820A00906099192F801A02F
:1091B80041EA0A4102F1030A0991CDF820A092F888
:1091C80002A041EA0A2102F1040A0991CDF820A07F
:1091D800D2780A4302FA03F322FA09F248EA0208AB
:1091E800AEF1040E5A0FDB00CDF82CE049469CE5A1
:1091F800DDF82C90B9F1030FCEF1030340F3B983E6
:109208000EF11D02DDF820E0F2460EF10101089191
:109218001AF8021BCDF820A0090609919EF801A0B2
:1092280041EA0A410EF1030A0991CDF820A09EF8FF
:1092380002A041EA0A210EF1040A0991CDF820A002
:109248009EF803E04EEA010101FA03F3D14048EA2F
:109258000108A9F10409590FDB00CDF82C907FE52E
:10926800DDF82CE0BEF1030FCCF1050340F3B98221
:109278000CF11B01DDF820C0E1460CF10102089257
:1092880019F8022BCDF82090120609929CF801904B
:1092980042EA09420CF103090992CDF820909CF8A2
:1092A800029042EA09220CF104090992CDF82090B3
:1092B8009CF803C04CEA020202FA03F3CA401043C6
:1092C800AEF1040EDA0E5B01CDF82CE0E1E5CDF845
:1092D80024A0002800F04585DDF8208008F101076A
:1092E800089798F8007001284FEA0727099714D0C3
:1092F80008F10209CDF8209098F8019049EA07078B
:109308003F020228099708D008F10309CDF82090F8
:1093180098F8028048EA07073F02C0F103084FEABD
:10932800C80807FA08F71F3227FA02F2114307FAAA
:109338000EF706EBC00200203CE64FF0000ECDF819
:1093480024E0BCF1000F00F00885DDF8208008F16A
:10935800010ECDF820E098F800E0BCF1010F4FEACB
:109368000E2ECDF824E018D008F10209CDF820908F
:1093780098F8019049EA0E0E4FEA0E2EBCF1020F42
:10938800CDF824E009D008F10309CDF8209098F829
:10939800028048EA0E0E4FEA0E2ECCF103084FEA7F
:1093A800C8081F320EFA08FE0EFA03F32EFA02FE60
:1093B80041EA0E01DA0F5B0000EBCC004FF0000C25
:1093C800CBE500230993BEF1000F00F0C384DDF85C
:1093D800208008F10103089398F80030BEF1010FCE
:1093E8004FEA0323099315D008F10209CDF820901C
:1093F80098F8019049EA03031B02BEF1020F099392
:1094080008D008F10309CDF8209098F8028048EABE
:1094180003031B02CEF103084FEAC80803FA08F356
:109428001F3023FA00F0014303FA0CF302EBCE00DD
:109438000022F6E5DDF82C90B9F1030FC1F1050320
:1094480040F35282DDF82080C24608F101020892FA
:109458001AF8022BCDF820A01206099298F801A05C
:1094680042EA0A4208F1030A0992CDF820A098F8C6
:1094780002A042EA0A2208F1040A0992CDF820A0C3
:1094880098F803801B3148EA020202FA03F3CA4043
:109498004FEAD368A9F104094EEA020E5B01CDF840
:1094A8002C900A4637E40B980328C1F1050940F3CC
:1094B800A082DDF820C001F11B03E6460CF1010192
:1094C80008911EF8021BCDF820E0090609919CF8C6
:1094D80001E041EA0E410CF1030E0991CDF820E0BC
:1094E8009CF802E041EA0E210CF1040E0991CDF836
:1094F80020E09CF803C04CEA010C0CFA09F12CFAA4
:1095080003FC043842EA0C02CDE90A300991C7E4A9
:10951800DDF82CE0BEF1030FC2F1050340F32C8304
:10952800DDF820C0E1460CF10100089019F8020BA3
:10953800CDF82090000609909CF8019040EA094077
:109548000CF103090990CDF820909CF8029040EAAC
:1095580009200CF104090990CDF820909CF803C06B
:109568001B324CEA000000FA03F3D0400143AEF18D
:10957800040ED80E5B01CDF82CE094467FE4DDF8AC
:109588002CE0BEF1030FC2F1030A40F3B482089B3A
:1095980002F11D0899465A1C089219F8022BCDF8B9
:1095A80020901206099293F8019042EA094203F1C9
:1095B80003090992CDF8209093F8029042EA092213
:1095C80003F104090992CDF82090DB78134303FADC
:1095D8000AF223FA08F3AEF1040E1943CDE90A8E14
:1095E8000992FFF7C5BBDDF82C90B9F1030FC1F163
:1095F800030340F3FD82DDF8208001F11D0EC24611
:1096080008F1010108911AF8021BCDF820A00906FB
:10961800099198F801A041EA0A4108F1030A099161
:10962800CDF820A098F802A041EA0A2108F1040A1E
:109638000991CDF820A098F8038048EA010101FAC1
:1096480003F321FA0EF14FEA5378A9F104090A430A
:10965800DB00CDF82C90FFF779BB4FF0000ECDF86A
:1096680024E0002900F07483DDF8208008F1010E61
:10967800CDF820E098F800E001294FEA0E2ECDF849
:1096880024E017D008F10209CDF8209098F801904D
:1096980049EA0E0E4FEA0E2E0229CDF824E009D031
:1096A80008F10309CDF8209098F8028048EA0E0ED8
:1096B8004FEA0E2EC1F103084FEAC8080EFA08FE59
:1096C8001F302EFA00F002430EFA0CF003EBC10330
:1096D8000021DCE4BCF1000F7FF4E0AC0823E36573
:1096E8000C23FFF74FBBDDF82C80B8F1030FC2F154
:1096F800010E00F3C0820990B8F1000F00F0348326
:10970800089B581C08901878B8F1010F4FEA002000
:10971800099013D003F10209CDF8209093F8019035
:1097280049EA00000002B8F1020F099006D003F1DF
:109738000309CDF820909B7803431802C8F103036E
:10974800DB0098401F3200FA0EFED04008434FEA73
:109758004E034FEADE710CEBC80C0022B6E24FF064
:10976800000CCDF824C0BEF1000F00F0B382DDF884
:10977800209009F1010CCDF820C099F800C0BEF185
:10978800010F4FEA0C2CCDF824C018D009F1020AB9
:10979800CDF820A099F801A04AEA0C0A4FEA0A2C51
:1097A800BEF1020FCDF824C009D009F1030ACDF8A3
:1097B80020A099F8029049EA0C0C4FEA0C2CCEF143
:1097C80003094FEAC9091D310CFA09FC0CFA03F325
:1097D8002CFA01FC40EA0C00D90F5B0002EBCE0228
:1097E80094E400220992BEF1000F00F08982DDF8AE
:1097F800209009F10102089299F80020BEF1010FAA
:109808004FEA0222099216D009F1020ACDF820A0E7
:1098180099F801A04AEA020A4FEA0A22BEF1020FA9
:10982800099208D009F1030ACDF820A099F802900E
:1098380049EA02021202CEF103094FEAC90902FA03
:1098480009F20CF11B0C02FA03F322FA0CF2104392
:10985800DA0E5B0101EBCE014FF0000E34E54FF05C
:10986800000ECDF824E0B8F1000F00F04682DDF8D4
:10987800209009F1010ECDF820E099F800E0B8F148
:10988800010F4FEA0E2ECDF824E018D009F1020A94
:10989800CDF820A099F801A04AEA0E0A4FEA0A2E4C
:1098A800B8F1020FCDF824E009D009F1030ACDF888
:1098B80020A099F8029049EA0E0E4FEA0E2EC8F140
:1098C80003094FEAC9090EFA09FE1F320EFA03F31B
:1098D8002EFA02FE4CEA0E0C4FEAD36E5B0101EB46
:1098E800C8024FF0000849E44FF00008CDF8248082
:1098F800B9F1000F00F0FE81DDF820A00AF101089F
:10990800CDF820809AF80080B9F1010F4FEA0828B5
:10991800CDF8248018D00AF1020BCDF820B09AF8BF
:1099280001B04BEA080B4FEA0B28B9F1020FCDF84A
:10993800248009D00AF1030BCDF820B09AF802A0D0
:109948004AEA080A4FEA0A28C9F1030A4FEACA0A8A
:1099580008FA0AF81B3108FA03F328FA01F84EEA64
:10996800080E4FEAD3685B0102EBC9014FF000090A
:1099780095E500210991B9F1000F00F0B881DDF8F3
:1099880020A00AF1010108919AF80010B9F1010F1D
:109998004FEA0121099117D00AF1020BCDF820B046
:1099A8009AF801B04BEA010B4FEA0B21B9F1020F0B
:1099B800099109D00AF1030BCDF820B09AF802A05A
:1099C8004AEA010A4FEA0A21C9F1030A4FEACA0A18
:1099D80001FA0AF10EF11D0E01FA03F321FA0EF154
:1099E80048EA0108590FDB0002EBC9024FF00009F1
:1099F80033E44FF0000CCDF824C0002800F0758146
:109A0800DDF820E00EF1010CCDF820C09EF800C072
:109A180001284FEA0C2CCDF824C017D00EF1020A09
:109A2800CDF820A09EF801A04AEA0C0A4FEA0A2CB9
:109A38000228CDF824C009D00EF1030ACDF820A0E1
:109A48009EF802E04EEA0C0C4FEA0C2CC0F1030E13
:109A58004FEACE0E0CFA0EFC1B312CFA01F10A4328
:109A68000CFA09F103EBC00300204DE54FF00009A3
:109A7800CDF82490BEF1000F00F03481DDF820A06D
:109A88000AF10109CDF820909AF80090BEF1010F73
:109A98004FEA0929CDF8249018D00AF1020BCDF825
:109AA80020B09AF801B04BEA090B4FEA0B29BEF136
:109AB800020FCDF8249009D00AF1030BCDF820B09D
:109AC8009AF802A04AEA090A4FEA0A29CEF1030ADB
:109AD8004FEACA0A1B3209FA0AF909FA03F329FA02
:109AE80002F948EA09085A0FDB0001EBCE094FF0EA
:109AF800000EFFF779BB4FF00008CDF82480BEF1C7
:109B0800000F00F0ED80DDF8209009F10108CDF894
:109B1800208099F80080BEF1010F4FEA0828CDF89F
:109B2800248018D009F1020BCDF820B099F801B0C3
:109B38004BEA080B4FEA0B28BEF1020FCDF8248040
:109B480009D009F1030BCDF820B099F8029049EA41
:109B580008094FEA0928CEF103094FEAC90908FAAA
:109B680009F91D3229FA02F2114309FA0AF203EB44
:109B7800CE084FF0000E31E5CDF82480BEF1000F7D
:109B880000F0AB80DDF8209009F10100089099F809
:109B98000000BEF1010F4FEA0020099016D009F12C
:109BA800020ACDF820A099F801A04AEA000A4FEA73
:109BB8000A20BEF1020F099008D009F1030ACDF876
:109BC80020A099F8029049EA00000002CEF10309AA
:109BD8004FEAC90900FA09F01B3200FA03F3D04032
:109BE8000143D80E5B010CEBCE024FF0000EC2E42D
:109BF800CDF82480B9F1000F00F08580DDF820A0B1
:109C08000AF10108CDF820809AF80080B9F1010F17
:109C18004FEA0828CDF8248018D00AF1020BCDF8B5
:109C280020B09AF801B04BEA080B4FEA0B28B9F1BB
:109C3800020FCDF8248009D00AF1030BCDF820B02B
:109C48009AF802A04AEA080A4FEA0A28C9F1030A60
:109C58004FEACA0A08FA0AF81D3108FA03F328FA83
:109C680001F842EA08024FEA5378DB000EEBC90E0E
:109C78004FF00009EDE4089802F11F0C431CA8F10D
:109C880004028046089318F8023BCDF820801B0692
:109C9800099390F8018043EA084300F10308099307
:109CA800CDF8208090F8028043EA082300F10408E8
:109CB8000993CDF82080C078184300FA0EFE20FAE8
:109CC8000CF008434FEA4E034FEADE710B926246EE
:109CD800FFF762B87346714680E54346404682E71F
:109CE800724644E773467246FFE60146BAE64B46BB
:109CF800494679E64B46C84636E64346C646EEE54B
:109D080073467246A6E54B46C846AFE700221123C4
:109D180008ADCDE90A230891009B0993092128463B
:109D2800FEF70EFE112306930521FFF773B80023F3
:109D380008ADCDE908130022092308212846CDE9FA
:109D48000A23FEF7FDFD092306930121FEF780BFD4
:109D58000846BBE47346FFF769BB63466246FFF7F4
:109D68002BBB0746FFF7E5BA084600990B46F2E415
:109D78004FF0FF330693FFF737B800BF10B310B5A5
:109D88000446006808B107F039F9606808B107F0BF
:109D980035F9A06808B107F031F9E06808B107F0B3
:109DA8002DF9206908B107F029F9606908B107F0B1
:109DB80025F9A06908B107F021F92046BDE810404F
:109DC80007F01CB9704700BF2DE9F04701214FF497
:109DD800FE6007F0EDF80446D8B30121382007F0FB
:109DE800E7F8012106464FF4A47007F0E1F80121D5
:109DF80005464FF48E7007F0DBF80121814641F2E9
:109E0800102007F0D5F8012180464FF4527007F072
:109E1800CFF8012107464FF4D95007F0C9F80121BE
:109E2800824642F2042007F0C3F8C4E90065C4E999
:109E38000298C4E9047AA06176B16DB1B9F1000F56
:109E48000AD0B8F1000F07D037B1BAF1000F03D02C
:109E580010B12046BDE8F0872046FFF78FFF0024A9
:109E6800F7E700BF2DE9F04F87B0CDE90223109C3A
:109E78000091052C00F3F684C4F1060B031F00F1D2
:109E88007C0153F8042F42FA0BF28B421A60F8D186
:109E9800C16F0268C46B056C531A0A44CB4981FB35
:109EA8000363611B5B002C44C94D85FB01611519D7
:109EB8004901121B0560C74C84FB02525200C26361
:109EC8005A1802645B1A84FB0323816F4268846B0F
:109ED800456C5B00C367531A0A44BF4981FB03639F
:109EE800611B5B002C44BD4D85FB01611519C90040
:109EF800121B4560BA4C84FB0252520082635A1806
:109F080042645B1A84FB0323416F8268446B856C4F
:109F18005B008367531A0A44B24981FB0363611BE0
:109F28005B002C44B04D85FB01611519C900121B5B
:109F38008560AE4C84FB0252520042635A18826418
:109F48005B1A84FB0323016FC268046BC56C5B005A
:109F58004367531A0A44A64981FB0363611B5B00EC
:109F68002C44A44D85FB016115198900121BC5609D
:109F7800A14C84FB0252520002635A18C2645B1A55
:109F880084FB0323C16E0269C46A056D5B00036725
:109F9800531A0A44994981FB0363611B5B002C44F3
:109FA800974D85FB016115198900121B0561954CB8
:109FB80084FB02525200C2625A1802655B1A84FB83
:109FC8000323816E4269846A456D5B00C366531A38
:109FD8000A448D4981FB0363611B5B002C448B4D54
:109FE80085FB016115194900121B4561884C84FBEA
:109FF8000252920082625A1842655B1A84FB03235C
:10A00800416E8269446A856D9B008366531A0A44CF
:10A01800804981FB0363611B5B002C447E4D85FBFB
:10A02800016115194900121B85617C4C84FB0252A1
:10A03800920042625A1882655B1A84FB0323016E00
:10A04800C269046AC56D9B004366531A0A44744981
:10A0580081FB0363611B5B002C44724D85FB01612E
:10A0680015194900121BC5616F4C84FB025212017D
:10A0780002625A18C2655B1A84FB0323CDE904B057
:10A088001B0100F1A002DFF8A8A10366019200F10C
:10A09800200353F8042C53F8206C53F8145C53F83D
:10A0A800104CB11A1644DAF8602082FB01712A1BA1
:10A0B80049002544DAF8644084FB0272A6EB050ED9
:10A0C800D4002E44DAF8685085FB0E2E0A1B4FEA9E
:10A0D8004E0E214485FB024253F81C7C53F8084C71
:10A0E80053F818CC3D1B07EB0409520053F80C7CBD
:10A0F800DAF86C4084FB0585ACEB0708DAF87040A9
:10A108006D00674484FB08C8A9EB0704DAF874C03B
:10A118004FEA4808B9448CFB0474A5EB0807A4006F
:10A1280045448CFB07874148BF00A6EB090880FB24
:10A1380008C8AEEB040C80FB0CBC74444E4404EB22
:10A148004C0443F8206C43F8184C4FEA48064FEA91
:10A158004C0443F8144C43F81C6C4C1B80FB0464FF
:10A16800D61B64003A4480FB067602EB460229447B
:10A178001144224443F8082C04EB4604019A43F89E
:10A18800101C760043F80C4C43F8046C20339A42B8
:10A198000AF1180A7FF47DAFDDE902329B1A03F059
:10A1A800070303F58063DDE904B09900002A00F095
:10A1B8004D83009D029A04686E189200346202F57D
:10A1C800885245F82340002434E000BF51C21340B0
:10A1D800FB22855172464F40BD45B340CF200B6DE1
:10A1E800103CE1426D2DFA419057D941449F914866
:10A1F8002134F943968DFC5E630ECB52C41BCC46CA
:10A20800971AD84A2E40E264F09C9D4AB31D7D7C83
:10A21800A924E2431137AE4F26CF6F6BC1923C6E33
:10A22800A71E6056EBF64C5F044E9E519A79825AEF
:10A23800AC5E0108AB18A1F57C610C444168196259
:10A24800A9502A19416E456F2944456C0D44C3F83D
:10A258002051C3F80051476B456A3D44C3F820526A
:10A26800C3F80052456D2944C3F82013C3F80013FE
:10A27800456F4769C16EC3F82074C3F80074294458
:10A28800456D0D44C3F82055C3F80055C76A456BA2
:10A298003D44C3F82056C3F80056C56C2944C3F89A
:10A2A8002017C3F80017C56EC16F2944C568C3F8E5
:10A2B8002058C3F80058C56C0D44C3F82059C3F89A
:10A2C8000059C76BC56A3D44C3F8205AC3F8005A01
:10A2D800C56D2944C3F8201BC3F8001BC169C56FAD
:10A2E800C3F8201CC3F8001CC16D2944C3F8201D05
:10A2F800C3F8001DC16BC3F8201EC3F8205FC3F864
:10A30800005FC3F8001E009D416811622951456E27
:10A31800816F2944456C0D44C2F82051C2F80051A0
:10A32800476A856B3D44C2F82052C2F80052856DD9
:10A338002944C2F82013C2F800138169C2F8201416
:10A34800C2F80014856F816E2944856D0D44C2F8EA
:10A358002055C2F80055856A876B3D44C2F82056DF
:10A36800C2F80056856C2944C2F82017C2F80017B5
:10A378008168C2F82018C2F80018856E016F294458
:10A38800856C0D44C2F82059C2F80059056B876ADC
:10A398003D44C2F8205AC2F8005A056D2944C2F853
:10A3A800201BC2F8001B0169C2F8201CC2F8001C5F
:10A3B800056F016E2944056D0D44C2F8205DC2F891
:10A3C800005D056A076B3D44C2F8205EC2F8005E76
:10A3D800006C0144C2F8201FC2F8001FBBF1000F37
:10A3E80000F031823568CBF11F0145FA01F0B0EB7E
:10A3F800E57F4FF0004020FA0BF000F1FF304FEA04
:10A40800E57718BF80EA070505FA0BF53562356070
:10A418001D6845FA01F6B6EBE57F4FEAE57718BF08
:10A4280080EA070505FA0BF51D621D60D3F8005197
:10A4380045FA01F6B6EBE57F4FEAE57718BF80EA03
:10A44800070505FA0BF5C3F82051C3F80051D3F8F6
:10A45800005245FA01F6B6EBE57F4FEAE57718BFFB
:10A4680080EA070505FA0BF5C3F82052C3F8005235
:10A47800D3F8005345FA01F6B6EBE57F4FEAE577E6
:10A4880018BF80EA070505FA0BF5C3F82053C3F88F
:10A498000053D3F8005445FA01F6B6EBE57F4FEACE
:10A4A800E57718BF80EA070505FA0BF5C3F82054CD
:10A4B800C3F80054D3F8005545FA01F6B6EBE57F2A
:10A4C8004FEAE57718BF80EA070505FA0BF5C3F8E8
:10A4D8002055C3F80055D3F8005645FA01F6B6EBF7
:10A4E800E57F4FEAE57718BF80EA070505FA0BF51F
:10A4F800C3F82056C3F80056D3F8005745FA01F6BA
:10A50800B6EBE57F4FEAE57718BF80EA070505FA5D
:10A518000BF5C3F82057C3F80057D3F8005845FA8D
:10A5280001F6B6EBE57F4FEAE57718BF80EA070545
:10A5380005FA0BF5C3F82058C3F80058D3F80059AA
:10A5480045FA01F6B6EBE57F4FEAE57718BF80EAF2
:10A55800070505FA0BF5C3F82059C3F80059D3F8D5
:10A56800005A45FA01F6B6EBE57F4FEAE57718BFE2
:10A5780080EA070505FA0BF5C3F8205AC3F8005A14
:10A58800D3F8005B45FA01F6B6EBE57F4FEAE577CD
:10A5980018BF80EA070505FA0BF5C3F8205BC3F876
:10A5A800005BD3F8005C45FA01F6B6EBE57F4FEAAD
:10A5B800E57718BF80EA070505FA0BF5C3F8205CB4
:10A5C800C3F8005CD3F8005D45FA01F6B6EBE57F09
:10A5D8004FEAE57718BF80EA070505FA0BF5C3F8D7
:10A5E800205DC3F8005DD3F8005E45FA01F6B6EBCE
:10A5F800E57F4FEAE57718BF80EA070505FA0BF50E
:10A60800C3F8205EC3F8005ED3F8005F45FA01F690
:10A61800B6EBE57F4FEAE57718BF80EA070505FA4C
:10A628000BF5C3F8205FC3F8005F009B1B5943FA82
:10A6380001F5B5EBE37F4FEAE376009D18BF80EAAA
:10A64800060303FA0BF313622B51D2F8003143FAD5
:10A6580001F4B4EBE37F4FEAE37518BF80EA050322
:10A6680003FA0BF3C2F82031C2F80031D2F80032F5
:10A6780043FA01F4B4EBE37F4FEAE37518BF85EAC8
:10A68800000303FA0BF3C2F82032C2F80032D2F802
:10A69800003343FA01F4B4EBE37F4FEAE37518BFE4
:10A6A80080EA050303FA0BF3C2F82033C2F800333B
:10A6B800D2F8003443FA01F4B4EBE37F4FEAE375D0
:10A6C80018BF80EA050303FA0BF3C2F82034C2F876
:10A6D8000034D2F8003543FA01F4B4EBE37F4FEAD3
:10A6E800E37518BF80EA050303FA0BF3C2F82035B7
:10A6F800C2F80035D2F8003643FA01F4B4EBE37F30
:10A708004FEAE37518BF80EA050303FA0BF3C2F8B2
:10A718002036C2F80036D2F8003743FA01F4B4EB19
:10A72800E37F4FEAE37518BF80EA050303FA0BF3EA
:10A73800C2F82037C2F80037D2F8003843FA01F4DB
:10A74800B4EBE37F4FEAE37518BF80EA050303FA29
:10A758000BF3C2F82038C2F80038D2F8003943FAAF
:10A7680001F4B4EBE37F4FEAE37518BF80EA050311
:10A7780003FA0BF3C2F82039C2F80039D2F8003ACC
:10A7880043FA01F4B4EBE37F4FEAE37518BF80EABC
:10A79800050303FA0BF3C2F8203AC2F8003AD2F8DC
:10A7A800003B43FA01F4B4EBE37F4FEAE37518BFCB
:10A7B80080EA050303FA0BF3C2F8203BC2F8003B1A
:10A7C800D2F8003C43FA01F4B4EBE37F4FEAE375B7
:10A7D80018BF80EA050303FA0BF3C2F8203CC2F85D
:10A7E800003CD2F8003D43FA01F4B4EBE37F4FEAB2
:10A7F800E37518BF80EA050303FA0BF3C2F8203D9E
:10A80800C2F8003DD2F8003E43FA01F4B4EBE37F0E
:10A818004FEAE37518BF80EA050303FA0BF3C2F8A1
:10A82800203EC2F8003ED2F8003F43FA01F1DC179F
:10A83800B1EBE37F18BF80EA040303FA0BF3C2F815
:10A84800203FC2F8003F07B0BDE8F08F029B009D93
:10A8580004689A0001F58853EE183462EC504FF4FE
:10A868008854E7E44FF0000BFFF712BB002800F014
:10A878009A812DE9F04F07688FB00446002F00F049
:10A888008F81D0F804A0BAF1000F00F08981D0F8C8
:10A8980008B0BBF1000F00F08381C668002E00F0FD
:10A8A8007F810D460169002900F07A81D0F8BC3714
:10A8B80001F546724FF000084FF00009002BCDE972
:10A8C8000C89069240F3918005EBC5084FEA0818F9
:10A8D800029208F12802C5EB45135244009206F58E
:10A8E80090590BEB83029B00019207934A463B4623
:10A8F8003046099100F052FA06F580530893C3F8E0
:10A908000802D4F8BC370999012B6EDD079A02F1C9
:10A918003E035B44019308F17003534400934A4695
:10A9280001F54C73029304323B4606F5106000F0C3
:10A9380035FA089B0999C3F80C02D4F8BC37022BE6
:10A9480053DD079A02F17C035B44019308F1B803D5
:10A95800534400934A4601F55273029348463B46D6
:10A96800083200F01BFA089B0999C3F81002D4F8C2
:10A97800BC37032B39DD079A0A9608F5807301F571
:10A98800587002F1BA080BEB0802534407900320F1
:10A99800CDE908AB06F5D8580B9509F110092546FD
:10A9A8008A46164683461C46079B0094CDE90163F8
:10A9B8001833A9F10402079340463B46514600F07C
:10A9C800EDF949F8040FD5F8BC270BF1010B5A45EE
:10A9D80004F1480406F13E0608F51068E4DCDDE9F8
:10A9E80009B651460B9DDDF820A0386A002867D0CB
:10A9F80006F58054D4F80832002B64DDD4F80C3204
:10AA0800002B60DD430800F0D180C2070BD5D1F8D8
:10AA18003033002B40F0AC80D1F844337A6B0133EB
:10AA280032F9131004E0D4E980319942B8BF1946CD
:10AA38000DF130083046424604F05CF9386AC30725
:10AA48001CD53B78D4F80012002B76D105EBC50253
:10AA58000AEB0212CDF80C80D2F888204FEA600C7D
:10AA6800C5EB4515CDE901C20BEB8503069A0092AB
:10AA780030463E333A4604F071F9386A00B30C9B0D
:10AA8800002B7FD0C0F2868000225B00114602F1C5
:10AA98000102FAD50D9BC4F80812002B78D07CDB94
:10AAA80000225B00114602F10102FAD5D4E98023A5
:10AAB8009342B8BF1346C4E98033C4F80C1200208F
:10AAC8000FB0BDE8F08FD4F80022002A17DD331F3D
:10AAD800DFF8E08003EB820C6FF0404E03E09C450A
:10AAE800C3F800800BD053F8042FB2F1404FF6DDC5
:10AAF800B2F1804FA8BFC3F800E09C45F3D1D4F869
:10AB08000422002A7FF77EAF06F6FC03DFF8A48054
:10AB180003EB820C6FF0404E04E0C3F800806345FD
:10AB28003FF470AF53F8042FB2F1404FF5DDB2F1A6
:10AB3800804FA8BFC3F800E0F1E705EBC5030AEBB7
:10AB48000313CDF81080D3F888304210CDE90223E2
:10AB5800C5EB4515069B00930BF1F8020BEB85033B
:10AB6800304601923E333A4604F092FA386A85E755
:10AB7800D1F840237B6B03EB4203B3F9301001EBB0
:10AB8800410155E70D9B1F21002BC4F8081286D1FF
:10AB98001F218BE74FF0FF317CE74FF0FF3185E74E
:10ABA8004FF0FF308CE74FF0FF30704701200DF178
:10ABB800300846E7010000C02DE9F04F4FEAA3082E
:10ABC80003F00304654B03EB841943461C2B8646AC
:10ABD8006348A8BF1C2350F824A0D9F80400033305
:10ABE80089B023EAE37318410590D9F808001841A1
:10ABF8000690D9F80C00B8F11F0FC34640FA03F0CD
:10AC0800A8BF4FF01F0B5B4607900020C346049077
:10AC1800C846D1469A460EE008AC04EB850555F8BF
:10AC2800104C002B40EA0400B8BF6442013A41F8D6
:10AC3800044B00F08C805EF8043B23F0004424F0C1
:10AC4800030423F00045002CE6D023F0004424F050
:10AC58000F0454B958F82540BBF1000FBABFCAF128
:10AC68000005AC4044FA0AF4DBE723F0004424F082
:10AC78003F0474B93B4C103D54F825504C4685FBB5
:10AC880004642546AAF10304002C55DB45FA04F4B4
:10AC9800C7E76C04B4F1006F5CDA04266C05009613
:10ACA8000625B4F1005FBCBFA4000095B4F1804F45
:10ACB80003DA009D0135640000952B4D2B4E2C4F77
:10ACC800AC422C4DC8BFAC462B4DD8BFB4462B4E1A
:10ACD800D8BF2E462A4DD8BF2F462A4D03972A4F54
:10ACE800D8BF2F46294D0297294FD8BF2F46019725
:10ACF800254686FB05756544264685FB06C6019FE5
:10AD080025463E4486FB05C5029F3D4485FB0464F9
:10AD1800039F204D3C44009F55F8275084FB056550
:10AD2800ED004C4685FB046425461B4C54F827402F
:10AD3800AAEB0404002CA9DA66426FF0004444FA36
:10AD480006F7AF42FFF66DAF05FA06F469E709B0FA
:10AD5800BDE8F08F002602250096A2E77C60010876
:10AD68006C5F0108BC5F01089979825A28482EB0A7
:10AD7800B477F5FEA4F633D3A9BDA02963218510C5
:10AD8800591858FF8D496C23F0CEC2271BAA575972
:10AD98008B40E9469C5F01087C5F01082DE9F04F74
:10ADA80091B09A461A9B06905B69022BCDE909126D
:10ADB80000F046810D221623CDE903231A9B1A9A27
:10ADC8001B6C9268079201335B000093DAF820301D
:10ADD800A74DDDF828B05B0808BF02324FF000032A
:10ADE80008BF07921E461C460593079B1B9A0296AE
:10ADF800C3F1D207049B9C4202F1FF382FD0DAF846
:10AE0800343018F801EF019703EB440233F914309A
:10AE1800B2F90220D21A069B03EB86011A9BDB6B60
:10AE280004F101091644084613B195F800C0E64438
:10AE3800009B0EFB0373FFF7BFFE002800F0CA80DB
:10AE4800029B059403430293DBF80030B34205F1FB
:10AE5800010540F3D8804C46049B9C42CFD11C9BF3
:10AE6800059A5A611C9ADDF808B00023C2E902333A
:10AE7800136053601361039B0B2B00F3B480079B93
:10AE8800C3F1D203019303991B98DAF834200E9189
:10AE980001EB41031633C318059301F1170302EBC5
:10AEA800430308931A9BCDF810B0CDE90C11243355
:10AEB8000B930296089BDDF82CA0B3F90220099E9B
:10AEC800DDF8149019460233B1F900100893A2EB8B
:10AED800010B069B029A03EB8204039B0793013341
:10AEE80003934FEA8B050DF13008274601995AF86C
:10AEF800043F19F8012F01EBC3030099384601FB01
:10AF080002335A463146FFF757FE002800F08F807B
:10AF1800079B48F8043B049B034304930FAB9845F5
:10AF28002F442E44E2D1029A0BEB4B031A44BBF197
:10AF3800000F02924FEA4B0119DD099A0BF1804389
:10AF480001F18041013B013902EB830302EB8101EE
:10AF5800043A154452F8040F206053F8040F606057
:10AF680051F8040FA060AA4204F10C04F2D10A9B24
:10AF7800029A1B68934272DD059B03330593039B7A
:10AF88000D2B97D1DDF810B016460A9B1C981E6051
:10AF98001A9B9A69DDE90C31002A14BF02220122AA
:10AFA80002608B420E9A4360B8BF0B469342B8BF0B
:10AFB8001346BBF1000FC0E90212036133D054DB22
:10AFC80000235FEA4B0B184603F10103F9D511B0D2
:10AFD800BDE8F08FDBF80030B34205F101057FF7DB
:10AFE8003EAF4C4638E7BBF1000F1CD0BBF1000F59
:10AFF8003BDB00235FEA4B0B184603F10103F9D54D
:10B0080011B0BDE8F08F1C9B1C9A5C610023C2E95B
:10B018000233136053601361039BDDF808B00B2BF8
:10B028007FF731AFE2E71F2011B0BDE8F08F08F1DC
:10B0380004080FAB43452F442E447FF457AF72E703
:10B048001A9B9B69049373B19AF80030002B4FF058
:10B05800030303930CBF082306230493AEE6DDF82D
:10B0680010B0164691E70393A8E64FF0FF30AEE71D
:10B078007C6101082DE9F04F99B00F910792019377
:10B08800002800F045810168002900F041814468EA
:10B098000A94002C00F03C818368002B00F0388172
:10B0A800C3680E93002B00F03381019B002BC0F284
:10B0B8002F81229B229803EBC302239B120103EBEF
:10B0C800C30302EBC302239B2244DB000C93936B64
:10B0D800C0000B90002B40F07C824A6B0B9B22999E
:10B0E80023980B440C991B01014403EBC1030A99F3
:10B0F8000B44D3E9171301310B44013332F9111012
:10B1080032F91300229A0B9B239C0A9D13440C9A34
:10B118001B01224403EBC2042C4403EBC203E46A80
:10B128006400B4F5107FA8BF4FF41074A04203F177
:10B138004003A8BF2046EB18169006930E98239B51
:10B14800139400EB830303F58053A142A8BF214663
:10B158001293C3F8004200231591149300EB0221C7
:10B16800079B17949201119214AA04921B680F9AD4
:10B178000D910392049A0698166852F8041F0492D7
:10B18800891B50F8042F0690002940F34781019845
:10B198000028C0F2BD809E4C04EBC2005B4290F8D0
:10B1A80004E09C4850F8220054F83220039C059291
:10B1B80013F007021EBF14F8013BC2F12005AB4093
:10B1C8000D9D08BF134605EB8605BEF1000F00F084
:10B1D800E781914E06EB400C019EBEF1010FA6EBF4
:10B1E800020B00F03F82AEF10200012800F29080CD
:10B1F8000598BBF10F0F00F10107C0F1200066466A
:10B208004FF0000908970990F24642DD677814F874
:10B2180002EB0294C2F118000EFA00F0C2F1100E0F
:10B2280007FA0EF73843ABF1100B034310320A2A22
:10B238002BDD378807F00F07C7F1200023FA00F04D
:10B24800013036F810005FEA103E66D0C0F30317ED
:10B25800C0F303260F2FA2EB0E0203FA0EF33046BB
:10B268003CD0002F3DD10F2E45D0002847D14A456C
:10B278004EDB02392E46002946F8087B686040F309
:10B2880098820A2A35466646D3DCBBF10F0F029C2A
:10B29800BCDC0BEB020000283ADDBBF1000F06DD39
:10B2A80014F8017BC2F1180E07FA0EF73B43BBF105
:10B2B800080F05DDC2F1100714F8012BBA4013433B
:10B2C800421E4FF0004747FA02F213404FF00B09B5
:10B2D80000F10B024FF0000B0294A8E7BAF1030F3C
:10B2E80020D003F0004E0F2E02F1FF3247EA0E077E
:10B2F8004FEA4303B9D1BAF1030F50D03046013AAF
:10B3080003F000464A4540EA06004FEA4303B0DA34
:10B318004FF0FF3019B0BDE8F08F06EB4006D21BA6
:10B32800BB4084E7089F02EB0B0E002E18BF0137C5
:10B338007745EDDCBA4280F21882BF1A013FFC085B
:10B3480004F101081094029CC2F1180EA04414F8EC
:10B35800017B07FA0EF7444543EA0703AEF1080EEE
:10B36800F5D1109FABF1080402F1080EB4EBC70B3E
:10B378000EEBC70209D504EB0E02541E4FF000472E
:10B3880047FA04F423404FF0000B099F059CCDF8C1
:10B39800088023FA07F7121B0F37A34061E7089CC0
:10B3A8000BEB02008442B3DC944240F3E181059840
:10B3B800029CA0EB02084FEAD80808F1010EA64447
:10B3C800C2F1180614F8010BB040744543EA0003B3
:10B3D800A6F10806F6D1ABF1080002F10804B0EBBB
:10B3E800C80B04EBC80208D50219501E4FF00044E0
:10B3F80044FA00F003404FF0000B0998059CCDF883
:10B4080008E023FA00F0121B0F30A3402DE700BF1D
:10B418009461010894620108146301080023019AE9
:10B4280093423FF775AFD21A019207990A681344FD
:10B43800039A02EBE302039203F00703049A0B60FA
:10B4480017A98A427FF496AE019A002A40F37F81B9
:10B4580022990B9A23980A440C991201014402EB91
:10B46800C1020A9911445B42CA6EC34951F822903D
:10B47800C24913F0070351F82200039A40F0C38031
:10B4880002921946139A019CC2F50F7E0EF1010E25
:10B49800BEF1000FA4EB030B40F359810D9CDFF8BC
:10B4A800E4A24FF0000C04EB8202C0F120086746CA
:10B4B800BBF10F0F40F3AF800298447810F8025B9D
:10B4C8000290C3F1180005FA00F0C3F11005AC4072
:10B4D8002043ABF1100B0143103302F1100003E0DD
:10B4E800092B00F11000E3DD21FA08F24A441AF8AA
:10B4F8000220140912F00806A3EB121301FA04F152
:10B5080005D001F00046013B46F00106490012F063
:10B51800040505D001F00045013B45F0010549004F
:10B5280012F0020405D001F00044013B44F001048C
:10B53800490012F0010205D001F00042013B42F03F
:10B5480001024900634507DB0437BE4540E9024272
:10B5580040E904650246C3DC129AD2F800321F445F
:10B56800B7F5107FC2F800720ADA11980E9B3844BA
:10B57800C7F5107703EB8000BA00002105F088FEBC
:10B58800079A019B106803990344184603F00703C0
:10B5980013600F9B01EBE000C01A19B0BDE8F08FF3
:10B5A800119B0E9AF31802EB8303580701F1FF323F
:10B5B80040F0CF80072A40F2CC80520801320020A8
:10B5C80000210EF1010E9645E3E80201F9D30023AC
:10B5D8002BE7D36B022B7FF480AD136C002B40F06C
:10B5E800D380D26D496B0132A3F1AA3383FB0203E6
:10B5F800A3EBE27301EB43014FF41070B1F92E1085
:10B6080001EB41017EE51446C3F1200214F8011B49
:10B618000294914036E703EB0B0000289CDDBBF158
:10B62800000F07DD029C14F8015B0294C3F11806B1
:10B63800B5402943BBF1080F07DD029CC3F1100593
:10B6480014F8013B0294AB401943431E4FF00044E9
:10B6580044FA03F319404FF00A0C00F10A034FF0C3
:10B66800000B3AE7464E36F810E00EF00F0ECEF11A
:10B67800200E4FF000082846BBF10F0F43DD667817
:10B6880014F8025BC2F11807BD40C2F11007BE40B2
:10B698003543ABF1100B2B43103200F1080601E0E3
:10B6A8000A2AE9DD23FA0EF001303CF81000050BF8
:10B6B800AB4010F0F00FC0F3031503F00047A2EB06
:10B6C80010321BBF2F435B002F4602F1FF3210F4EC
:10B6D800706FC0F3032503F0004002D005435B0000
:10B6E800013A4245A1F102013046FFF611AE0029A8
:10B6F80046E9027506F10806D2DCA2EB0803019AB6
:10B708005B44D31A5AE00BEB0205002D7FF700AE1D
:10B71800BBF1000F05DD14F8016BC2F11807BE403C
:10B728003343BBF1080F05DDC2F1100614F8012BF5
:10B73800B24013436A1E4FF0004646FA02F2134025
:10B748004FF00B0805F10B024FF0000BA5E700279F
:10B7580002E700232A1D002045F8230042F82300B1
:10B7680002339942F7DC00235FE6DDF808800CE637
:10B77800DDF808E041E600BF40840108388401088C
:10B7880014630108488401080B78DBB94A6B2299D5
:10B7980003460B4423980C991B01014403EBC10396
:10B7A8000A990B444FF41070DB6D013332F9131012
:10B7B800A8E4A2EB0903019A5B44D31A002BBFF655
:10B7C8002EAEA5E54A6BB2F93410B2F936305B1AE1
:10B7D800B2F90C104FF4107001EB430192E400BF72
:10B7E800374B82682DE9F047D3F8387187FB02425E
:10B7F8008469D3F8205185FB046422440A60D3F895
:10B808003C61426886FB0242C469D3F8245185FB37
:10B8180004C422444A600268D3F8405185FB0242BE
:10B82800046AA446D3F8284184FB0CEC62448A607D
:10B838000268D3F844A194468AFB0C2C026AD3F818
:10B848002C4184FB02E26244CA604268D3F848C1D2
:10B858008CFB02E2D0F81CE0D3F8304184FB0E8E5A
:10B8680072440A618268D3F84CE18EFB0282D3F8F5
:10B878003481836988FB03931A444A61436987FBCF
:10B8880003238B61036986FB0323CB61C36885FBB4
:10B8980003230B62C3688AFB03234B6203698CFB97
:10B8A80003238B6242698EFB02320023C1E9103305
:10B8B800C1E90E33C1E90C33CA62BDE8F08700BFA5
:10B8C800AC8B0108844693BB12F001002ED0DCF843
:10B8D8008001DCF88012DCF8802340424942524261
:10B8E800CCF88001CCF88012CCF88023DCF88014E6
:10B8F800DCF880251846DCF88036494252425B4223
:10B90800CCF88014CCF88025DCF88010DCF880278F
:10B91800CCF88036DCF88038524249425B42CCF899
:10B928008010CCF88027CCF88038704770472DE914
:10B93800F04FD2078DB049D54FF00047DF400020C7
:10B94800013FC3F11F060CF180050CF5106886460F
:10B9580055F8802C42FA06F94FEAE27AB9EBE27F11
:10B9680018BF8AEA07029A40744645F8802C82EA92
:10B97800E274A4EBE274DCF88020524242FA06FA40
:10B988004FEAE27BBAEBE27F18BF87EA0B029A40E4
:10B99800F146CCF8802082EAE279A9EBE27944EA20
:10B9A800090420430C68E21744FA06F97A40B9EB17
:10B9B800E47F0CF5807C02FA03F200F0FA81C445BA
:10B9C80041F8042B05F58075C2D1EFE10268C3F197
:10B9D8001F0E4FF0004442FA0EF0DC40B0EBE27F5D
:10B9E8004FEAE27504F1FF3418BF84EA05029A4071
:10B9F800CCF80020002082EAE270A0EBE270DCF8CC
:10BA08008020039042FA0EF0B0EBE27F4FEAE27535
:10BA180018BF84EA05029A40CCF88020002082EA08
:10BA2800E270A0EBE2700A68019042FA0EF0B0EB07
:10BA3800E27F4FEAE27518BF85EA04029A400A607D
:10BA4800DCF8002142FA0EF0B0EBE27F4FEAE27533
:10BA580018BF84EA05029A40CCF80021002082EA47
:10BA6800E270A0EBE270DCF88021049042FA0EF05C
:10BA7800B0EBE27F4FEAE27518BF84EA05029A400C
:10BA8800CCF88021002082EAE270A0EBE2704A68DC
:10BA9800059042FA0EF0B0EBE27F4FEAE27518BF6C
:10BAA80084EA05029A404A60DCF8002242FA0EF065
:10BAB800B0EBE27F4FEAE27518BF84EA05029A40CC
:10BAC800CCF80022002082EAE270A0EBE270DCF8F9
:10BAD8008022069042FA0EF0B0EBE27F4FEAE27560
:10BAE80018BF84EA05029A40CCF88022002082EA36
:10BAF800E270A0EBE2708A68079042FA0EF0B0EBB1
:10BB0800E27F4FEAE27518BF84EA05029A408A602C
:10BB1800DCF8002342FA0EF0B0EBE27F4FEAE27560
:10BB280018BF84EA05029A40CCF80023002082EA74
:10BB3800E270A0EBE270DCF88023089042FA0EF085
:10BB4800B0EBE27F4FEAE27518BF84EA05029A403B
:10BB5800CCF88023002082EAE270A0EBE270CA6889
:10BB6800099042FA0EF0B0EBE27F4FEAE27518BF97
:10BB780084EA05029A40CA60DCF8002442FA0EF012
:10BB8800B0EBE27F4FEAE27518BF84EA05029A40FB
:10BB9800CCF80024002082EAE270A0EBE270DCF826
:10BBA80080240A9042FA0EF0B0EBE27F4FEAE27589
:10BBB80018BF84EA05029A40CCF88024002082EA63
:10BBC800E270A0EBE2700A690B9042FA0EF0B0EB5B
:10BBD800E27F4FEAE27518BF84EA05029A400A61DB
:10BBE800DCF8002542FA0EF0B0EBE27F4FEAE2758E
:10BBF80018BF84EA05029A400020CCF80025834645
:10BC080082EAE27BABEBE27BDCF8802542FA0EF0BD
:10BC1800D517B0EBE27F18BF84EA05029A40CCF84A
:10BC280080254FF0000982EAE279A9EBE2794A69B6
:10BC380042FA0EF0B0EBE27F4FEAE27518BF84EAF1
:10BC480005029A404A61DCF8002642FA0EF0D51740
:10BC5800B0EBE27F18BF84EA05029A40CCF80026D0
:10BC68004FF0000882EAE278A8EBE278DCF8802658
:10BC780042FA0EF0D517B0EBE27F18BF84EA05024E
:10BC88009A40CCF88026002782EAE277A7EBE27791
:10BC98008A6942FA0EF0B0EBE27F4FEAE27518BF0C
:10BCA80084EA05029A408A61DCF8002742FA0EF01D
:10BCB800D517B0EBE27F18BF84EA05029A40CCF8AA
:10BCC8000027002682EAE276A6EBE276DCF88027F7
:10BCD80042FA0EF0D517B0EBE27F18BF84EA0502EE
:10BCE8009A40CCF88027002582EAE275A5EBE27538
:10BCF800CA6942FA0EF0B0EBE27F4FEAE27A18BF67
:10BD080084EA0A029A40CA61DCF8002842FA0EF076
:10BD1800B0EBE27F4FEAE27A18BF8AEA04029A405F
:10BD2800CCF80028002082EAE270A0EBE270DCF890
:10BD38008028029042FA0EFAD017BAEBE27F1CBFB5
:10BD4800024662409A40CCF880284FF0000C82EA04
:10BD5800E27CACEBE27C0398019A0243049802432C
:10BD6800059802430698024307980243089802433D
:10BD7800099802430A9802430B98024342EA0B02CD
:10BD880042EA090242EA08023A43029832432A4345
:10BD980010430A6A42FA0EFED517BEEBE27F18BFBF
:10BDA80084EA05029A4040EA0C000A620DB0BDE838
:10BDB800F08F9C40C44541F8044B05F580757FF42D
:10BDC800C7ADF3E72DE9F04FF1B04592002802F036
:10BDD800D3800368002B02F0CF8044684794002C7E
:10BDE80002F0CA80C6680B96002E02F0C580406932
:10BDF8000C90002802F0C08017461A784891002A53
:10BE08008C465A6BC34801EBC1030CBF08210621BD
:10BE18001B0132F9111007EBC70203EBC2032344DD
:10BE2800CC1780FB0151C4EBA10109B24391D96B36
:10BE38006446FD00E40002294695499402F06C80AE
:10BE480007F5906340F2262156F823308B4240F3E1
:10BE5800248313020E9306EB0223159320233993B0
:10BE680040F236230D93F8221F231A44159B03EB47
:10BE7800C2020892A84A116800915168019191681C
:10BE88000291D168039111690491516905919169F1
:10BE98000691D1690791D2E90E01D2E908C7D2E922
:10BEA8000A65D2E90C4BCDE90901D3E91182009961
:10BEB800C64681FB0E9E0198914680FB09A9AEEB10
:10BEC800090E4FEA4E0E0099C3F844E081FB02E2E6
:10BED80080FB08E84244D3F84080029952009A64F3
:10BEE800C646DA6C81FB0E9E0398914680FB09A931
:10BEF800AEEB090E4FEA4E0EC3F840E081FB02E2BA
:10BF080080FB08E84244D3F83C8004995200DA6484
:10BF1800C6461A6D81FB0E9E0598914680FB09A9BD
:10BF2800AEEB090E4FEA4E0EC3F83CE081FB02E28D
:10BF380080FB08E84244D3F83880069952001A6515
:10BF4800C6465A6D81FB0E9E0798914680FB09A94B
:10BF5800AEEB090E4FEA4E0EC3F838E081FB02E261
:10BF680080FB08E84244D3F8348052005A65C6463C
:10BF78009A6D8CFB0E9E914687FB09A9AEEB090EC4
:10BF88004FEA4E0EC3F834E08CFB02E287FB08E868
:10BF98004244D3F8308052009A65C646DA6D86FB73
:10BFA8000E9E914685FB09A9AEEB090E4FEA4E0E8F
:10BFB800C3F830E086FB02E285FB08E84244D3F888
:10BFC8002C805200DA65C6461A6E84FB0E9E914696
:10BFD8008BFB09A9AEEB090E4FEA4E0EC3F82CE015
:10BFE80084FB02E28BFB08E84244D3F828800998D6
:10BFF80052001A66C6465A6E80FB0E9E0A999146F2
:10C0080081FB09A9AEEB090E4FEA4E0EC3F828E0F2
:10C0180080FB02E281FB08E8424452005A66089A13
:10C02800483393427FF441AFDDE948231344DDE907
:10C0380045121B010A4403EBC203479A13440C46FA
:10C048001B6C0B9A0D980C9E0E9D02EB840101F55A
:10C0580080513544D1F80022D1F8087244959042B5
:10C06800B8BF1046002BC1F8000243990D9708BFCE
:10C078000021024643912749113281FB0201D21760
:10C08800C2EBA102059206EB840202F58050469AA3
:10C098004A90111906EBC11202F59056D0F8002B00
:10C0A8003392D0F8082B0C92D0F8102B39980296BE
:10C0B8000028349241F35887DDE9484222441201AE
:10C0C80002EBC102479903958A18062F4FF0000129
:10C0D8001C92C7F107021D92C8BF0A4607EE902AB4
:10C0E800159A019102F1480406F12402069205EB23
:10C0F80080021E920A91A3461C9A0699D26B00925E
:10C1080024390E9153B1439B0A998B42C8BF002230
:10C11800009203E0398EE3386C8B01080C9B349A4B
:10C128000A998A42C8BF002313930D9B062B40F33C
:10C13800E5815BE90239A3EB09085BF80C3C5BF885
:10C14800102C5BF8286C5BF8305C5BF8487CA3EB40
:10C158000803A2EB030AA3EB09015BF8143C5BF8A4
:10C16800182C0891A3EB0A03D21A591A5BF81C3C45
:10C1780012929B1A5BF8202C1191D21A591A5BF86B
:10C18800243C09929B1AF21A049207915A1A0499AC
:10C198005BF82C3C1A925B1A991AED1A5BF8343C3E
:10C1A80014915A1B5BF8383C501A9B1A5BF83C2CCC
:10C1B8005BF8401C1690D21A101A891A5BF8442CA6
:10C1C8000B90521ABF1A121A52100F92049A7C102E
:10C1D800A3EB020E1794129CAEEB0800C4EB6702A7
:10C1E800199009981892049ABE4FA0EB0A069C1859
:10C1F800109687FB0525A1EB000CACEB0A0C87FB1E
:10C208000C2CB94FA64687FB0E2E4344B7481E4652
:10C2180080FB0626049A1B96A8EB020687FB0626D7
:10C2280080FB042400F1705000F54C2000F2CB2074
:10C23800DDF84080034680FB0828AD4F01EB0A0279
:10C2480087FB02A20998014483FB01A1109887FB90
:10C2580000A0179B129F03EB670A1B9B199F5B00AB
:10C268006400C4EB460403EB4E034000C0EB4100FE
:10C278000AEB4501AAEB450A1D190495189D5200C1
:10C2880005EB6706EF1B02EB48025097CF185344A3
:10C29800A0EB020E17449B1A049A54930AEB04036A
:10C2A8000344AAEB020A8D1A4E932144AAEB0E030B
:10C2B800091A75444F9306EB4C03A6EB4C06169CE3
:10C2C800119A529151950F99079D4D9353961A9B28
:10C2D800089EDDF850804C97A4EB030EA1EB020CEE
:10C2E800E0181946AB1B7F4A0493AEEB090E82FB9C
:10C2F80008380B9F7F1BBF1B82FB07377A4D82468E
:10C3080085FB0A3A794E04EB090386FB032309935C
:10C31800A9EB010485FB042486FB002006F1705676
:10C3280006F54C26DDF8109006F2CB2686FB092987
:10C338000B9B089A6E499A1881FB0252079D314659
:10C348005D1981FB05656A4B049983FB01610F9BAD
:10C35800119E03EB6606099B40005B00C0EB44009E
:10C3680003EB4A0306EB48045200A6EB48064900D3
:10C378000CEB6E08ACEB0E0CC1EB450102EB49026D
:10C388001D18CDF864C104EB030C33449B1A5D936C
:10C3980033180B44579308EB4703A1EB020E761BA7
:10C3A8005693651B139B04449444641AA6EB0E062B
:10C3B8007544A8EB4707CDF854C15B9458965A9535
:10C3C8005C97002B40F0F981009B002B40F03281F4
:10C3D800DDF80CA0474CDFF820810E9ECDF810B098
:10C3E8005746994654AD9E469C466A6A58F80439A1
:10C3F80055F8041983FB020202EBA103306846F8E2
:10C40800043BA2EBA102414254F8083C891A81FB83
:10C4180003B302EB830354F8042C81FB02B2C0EB94
:10C4280082004AF82C307246C7F8800883EAE37223
:10C43800A2EBE372734680EAE073A3EBE0730CF1BE
:10C44800200C1A43BCF5907F49EA020904F108045C
:10C45800A7F18007C9D1DDF810B0CDF80090069B90
:10C46800039C0E99243306930A9B1A4601330A93B8
:10C47800204617EE903A04340394FFF723FA009B02
:10C488001843019B034301931E9B9C420BF1480BED
:10C4980000F0A0811C9B1B6C2EE6073380FB032059
:10C4A800DB17C3EBA00303EBC302520008320D9263
:10C4B8005A1C39922946DA003846014408020E907F
:10C4C8000B98002B00EB012015903FF7CEACDDE96F
:10C4D800482313441B01479A459C03EBC1031344AB
:10C4E8001B6CAEE5A1EBD96E8BBE0D627E1A3A16B7
:10C4F800322E0E7EC4840108B8840108069D1D9C56
:10C508005BF8043C55F8041C55F8082C55F80C0C3D
:10C5180043FA04F95BF8083C214145F8041C23411F
:10C52800A3EB09085BF80C3C5BF8101C2241234183
:10C5380045F8082CA3EB080355F8102C2141A1EB72
:10C54800030AA3EB09065BF8143C089642FA04F1C7
:10C558005BF8182C2041234145F80C0CA3EB0A0387
:10C568002241D21A9E1B5BF81C3C129223419B1A53
:10C5780055F8142C119642FA04F05BF8202C45F873
:10C58800101C2241D21A9F1B5BF8243C5BF8286CD4
:10C59800099223419B1A55F8182C45F8140C26418A
:10C5A80042FA04F10797F21ADF1B5BF82C3C04925D
:10C5B800234120469B1A2C4655F81C2C1A975BF8E9
:10C5C800305C44F8181C0541ED1ADB1B14935BF82A
:10C5D800343C03412646591B54F8203C024143FA97
:10C5E80000F45BF8383C46F81C2C149A8A1A169208
:10C5F8005BF83C2C03415B1A02415BF8401C46F88F
:10C60800204C0746D01A169A56F8244C3941091A74
:10C61800801A0B905BF8442C5BF8480C3A4140FABE
:10C6280007F70B98521ABF1A121A1D98044146F8B8
:10C63800244CC9E5139B654E069F03EBC30306EB29
:10C64800031357F8240CD3F88C20996C044681FB0B
:10C6580004545E9482FB00106F9057F8200CD3F8B6
:10C668008820D96C044681FB04545F9482FB001037
:10C678006E9057F81C0CD3F88420196D044681FB82
:10C688000454609482FB00106D9057F8180CD3F88E
:10C698008020596D044681FB0454619482FB00108C
:10C6A8006C9057F8140CDA6F996D044681FB0454AA
:10C6B800629482FB00106B9057F8100C9A6FD96D3A
:10C6C800044681FB0454639482FB00106A9057F877
:10C6D8000C0C5A6F196E044681FB0454649482FB57
:10C6E8000010699057F8080C1A6F596E044681FBC0
:10C6F8000454659482FB001057F8042C6890D3E921
:10C708001A01134680FB0343669381FB023267924A
:10C718005EA9009BDFF8B890039DDDF838C0CDF81E
:10C728001CB003EBC30306EB03160023A6F10408B1
:10C738001F46009348360DF5E07E184654AC049128
:10C74800636A59F804A954F804298AFB03B303EB74
:10C75800A20A4CF804ABC3EBA20A58F8042F8AFBD0
:10C768000232049B53F820301A44920056F8043DD4
:10C778008AFB03B35EF804AD039953444FEAC01A29
:10C788009B0041F80A20C5F88038BA4682EAE27A66
:10C79800AAEBE27A3A4683EAE372A2EBE372009BE1
:10C7A8004AEA020A013043EA0A0309280093A5F17C
:10C7B8008005C5D1DDF81CB051E6022B7FF43AAFF5
:10C7C8000E98024E5EA9FFF70BF8A2E7AC8B0108A2
:10C7D800B8840108399B159A03EBC30302EBC30223
:10C7E8001592029A02EB83030293059A399B9A42A7
:10C7F80041F3B083DFF828850D99D8F8200104901B
:10C80800D8F82C010690D8F838011790D8F84401C8
:10C818001890D8F824011990D8F830010790D8F862
:10C828003C011A900629D8F848011B90C1F107016C
:10C83800D8F828013591C8BF002107EE101A1D90BD
:10C848003499D8F834011C90D8F840011E909942C8
:10C85800D8F84C01169041F35A838A42A8BF0A4679
:10C868003692029A1598039302F1240E449A00F125
:10C878004809D8F84800379002EB830AD8F88C00AA
:10C88800CDF800A03890F246AAF1240306EE903ABB
:10C89800009B07EE903A0D9B062B00F38880359A93
:10C8A80059F8483C134149F8483C59F8443C13416D
:10C8B80049F8443C5AF8243C13414AF8243C59F8B6
:10C8C800403C134149F8403C59F83C3C134149F875
:10C8D8003C3C5AF8203C13414AF8203C59F8383C73
:10C8E800134149F8383C59F8343C134149F8343C71
:10C8F8005AF81C3C13414AF81C3C59F8303C134187
:10C9080049F8303C59F82C3C134149F82C3C5AF86A
:10C91800183C13414AF8183C59F8283C134149F887
:10C92800283C59F8243C134149F8243C5AF8143C53
:10C9380013414AF8143C59F8203C134149F8203C6B
:10C9480059F81C3C134149F81C3C5AF8103C134157
:10C958004AF8103C59F8183C134149F8183C59F862
:10C96800143C134149F8143C5AF80C3C13414AF85A
:10C978000C3C59F8103C134149F8103C59F80C3C50
:10C98800134149F80C3C5AF8083C13414AF8083C52
:10C9980059F8083C134149F8083C59F8043C13413C
:10C9A80049F8043C5AF8043C13414AF8043C59F845
:10C9B8000C0C59F8186C59F8242C59F8304C59F8C3
:10C9C8003C3C59F8485CD249361A921BA41A1B1BE6
:10C9D800121AED1A9B1A6D105B1081FB047405EB9B
:10C9E800660CAD1B0CEB44060896ACEB440C81FBC3
:10C9F800024203EB600404EB4206C649520081FB85
:10CA08000676C54F1B1AB60087FB03039B00C34875
:10CA18000993A41A80FB042459F8087C59F8142CAB
:10CA2800089B59F82C0C0B97A2EB070E334459F8C6
:10CA3800202C1193089BA2EB0E02A2EB070B801A85
:10CA48009B1B59F8382C59F8447C1493099B121AEB
:10CA5800EE18BF1AED1AA2EB0B020CEB8403ACEB39
:10CA6800840C7F10AA4C2796521028951293CDF863
:10CA78004CC084FB003007EB6E0303EB400CA7EBC4
:10CA88000E06CDF824C0A3EB400C0896CDF828C0BC
:10CA980084FB0B3B0B9F9F4D02EB670404EB4B039E
:10CAA8004FEA4B0B85FB03039B009B480B93D21B60
:10CAB80080FB023292000E92A4EB0B04974A82FB91
:10CAC800043459F8045C59F8103C59F8282C59F8E2
:10CAD800340C59F8407CCDF85490A1005E1BACEBA7
:10CAE800840C59F81C3C089C25910E99CDF83CC043
:10CAF8009B1B641AD21A0B992694099C801A5B1BFB
:10CB0800641A3F1AC01A824910947F10401081FBA2
:10CB1800024207EB660404EB420BBE1BCDF880B063
:10CB2800A4EB420B1F96CDF884B081FB032300EBE6
:10CB3800650202EB4304774F5B0087FB0464A700A0
:10CB48002297401B744F87FB0040D21A830023931F
:10CB5800724880FB0232930024935AF8243C379F92
:10CB6800D346184687FB0020389F1C4687FB0434B1
:10CB78005AF8202CD8F84C302994174683FB0747DD
:10CB8800D8F888302A97164683FB06265AF81C2CB4
:10CB9800D8F850302B96174683FB0747D8F88430CF
:10CBA8002C97144683FB04242D945AF8184CD8F873
:10CBB8005430224683FB0252D8F88030274683FB44
:10CBC80007475AF8144CD8F858302E97A14683FBDB
:10CBD8000959D8F87C30274683FB07475AF8103C98
:10CBE8002F97D8F85C401F4684FB0757D8F8784041
:10CBF800309784FB03535AF80C6CD8F860403546DC
:10CC080084FB0575D8F87440374684FB076731976D
:10CC18005AF8087CD8F864403E4684FB06C6D8F823
:10CC2800704084FB07C75AF804CCD8F868406146BE
:10CC380084FB01E1D8F86C40329184FB0CEC0024B1
:10CC48008000A64680EAE07EAEEBE07E0099920086
:10CC580041F8040B204682EAE270A0EBE270C1F8CA
:10CC68007C210091139A04994EEA000081FB02E2AC
:10CC780002EB8502254682EAE275A5EBE27500998A
:10CC88000543C1F8FC22149A069981FB020202EBC3
:10CC98008C02204682EAE270A0EBE27000992843F9
:10CCA800C1F87C24129A179981FB02520F9D0499AE
:10CCB80081FB05C52A4402EB8302234682EAE2731C
:10CCC800A3EBE2730099189DC1F8FC251843119B4A
:10CCD80085FB0323109A069981FB02522D99134470
:10CCE80003EB8103224683EAE372A2EBE372009D21
:10CCF80002432A98C5F87C378300204683EAE3700C
:10CD0800A0EBE3701043EB674FEA8902234609E082
:10CD1800A1EBD96E1D75A37B9A79825A83FB2021DA
:10CD2800AC8B010882EAE273A3EBE273DDF8A09012
:10CD38001999C5F8FC2118434B4681FB032303EBE3
:10CD48008603224683EAE372A2EBE372C5F87C33DA
:10CD58002E460243079D4B4685FB030303EB8703DF
:10CD6800204683EAE370A0EBE370DDF89CE0C6F8A8
:10CD7800FC341A9D02433746734685FB0303DDF8EE
:10CD880098C0604681FB005003442F9803EB800352
:10CD9800204683EAE370A0EBE370C6F87C361B9D5F
:10CDA8001043734685FB03230799624681FB0252B1
:10CDB8002B9E134403EB8603224683EAE372A2EB1D
:10CDC800E3722C9EC7F8FC370243B300204683EA7F
:10CDD800E370A0EBE370309EC7F8FC3010432346A5
:10CDE800B20082EAE273A3EBE27318431D9D149B21
:10CDF800C7F87C2285FB0323329E224603EB860379
:10CE080083EAE372A2EBE372C7F8FC331C99139B25
:10CE1800024381FB0303319803EB8003204683EA36
:10CE2800E370A0EBE370C7F87C351E9E119B10439E
:10CE380086FB0323109A2E4686FB02522E9E13442D
:10CE480003EB8603224683EAE372A2EBE372C7F898
:10CE5800FC36169E129B024386FB03030F9881FB48
:10CE680000500344299803EB800383EAE374A4EB9E
:10CE7800E374099D0B9E0898C7F87C38AE190E9D7F
:10CE8800229F25994519AD104AF8205C209D0A98E3
:10CE98001443EA1B92104AF8042CEB191F9A239D9D
:10CEA8009B104AF8183C5319521B9210249D4AF8BB
:10CEB800082C219A9B104AF8143C08445319521B19
:10CEC800039D80109B109210B6104AF81C0C4AF86B
:10CED800103C4AF80C2C16EE901A17EE103A4AF845
:10CEE800246C2A4617EE900A01350395FEF7EAFCF2
:10CEF800019B1599204303430193369B9D4201F101
:10CF080048090AF1240AFFF6BFAC059B039A93422D
:10CF180040F37483159B039A03F148090C9B03EBB8
:10CF2800C30308EB0318449B0BF1240603EB8203AD
:10CF3800C2460093B046C1E158F8240CDAF84830EC
:10CF4800024683FB02122E92DAF88C30024683FBEB
:10CF5800021258F820BCDAF84C3010465A4683FBC7
:10CF680002122592DAF888305A4683FB021258F8E2
:10CF78001C3C93461946DAF8502082FB014128915F
:10CF8800DAF8842082FB031358F8182C1546294632
:10CF9800DAF8542082FB01418C46DAF880202946D1
:10CFA80082FB014158F814EC2B91DAF858207146AD
:10CFB80082FB01412691DAF87C20714682FB01410F
:10CFC80058F8102C8E461446DAF85C1081FB04548D
:10CFD8002994DAF8781081FB024258F80C1C0E46A6
:10CFE8003446DAF8601081FB04543546DAF87410D8
:10CFF80081FB056558F8081C2C950D462E46DAF875
:10D00800641081FB06762796DAF8701081FB0565B7
:10D0180058F8046C2D953746DAF8685085FB0717E1
:10D028002A97DAF86C1081FB06762E99002789007A
:10D0380081EAE177A7EBE177009D4FEA8C0C45F890
:10D04800041B00218CEAEC71A1EBEC710F430095F5
:10D05800C5F87CC10A99049D85FB01C101EB8401D7
:10D06800002481EAE174A4EBE174009D3C43C5F817
:10D07800FC120999069D85FB017101EB86010026CA
:10D0880081EAE176A6EBE176009F3443C7F87C1489
:10D098000E99179F87FB01610F9E049D85FB0676FD
:10D0A800314401EB8201002281EAE172A2EBE172D4
:10D0B800009F189EC7F8FC1514430B9A86FB0212B2
:10D0C8001099069D85FB01610A4402EB8302002347
:10D0D80082EAE273A3EBE2732343259CC7F87C271B
:10D0E8000021A20082EAE271A1EBE271269CFA67B4
:10D0F8000B430022A10081EAE172A2EBE172DDF8A4
:10D108004CC0199CC7F8FC111A43634684FB0313EF
:10D11800279D002103EB850383EAE371A1EBE3710B
:10D12800C7F87C33079E1143634686FB03232D9D76
:10D13800002203EB850383EAE372A2EBE372C7F8EC
:10D14800FC343D46089B1A9F0A4387FB0313DDF80E
:10D1580048C02746614687FB01410B4403EB8E0319
:10D16800002183EAE371A1EBE371C5F87C361B9CCF
:10D17800089B0A4384FB0313614686FB01410B4469
:10D1880003EB8B03002183EAE371A1EBE371289C95
:10D19800C5F8FC370A430023A10081EAE173A3EB39
:10D1A800E173299CC5F8FC101343A100002281EA11
:10D1B800E172A2EBE1721A431D9C099BC5F87C122F
:10D1C80084FB03132A9F002103EB870383EAE3719F
:10D1D800A1EBE371C5F8FC331C9E0A9B114386FB47
:10D1E80003232C9F002203EB870383EAE372A2EB5D
:10D1F800E372C5F87C351E9F0B9B0A4387FB03131C
:10D208001099274687FB01412B9C0B4403EB8403B1
:10D21800002483EAE374A4EBE374C5F8FC3616999A
:10D228000E9B144381FB03230F9A86FB02121344BF
:10D2380003EB8003002283EAE372A2EBE372C5F8F2
:10D248007C38149B039D9B1048F8243C159B9B102D
:10D2580048F8203C1F9B9B1048F81C3C119B9B10D6
:10D2680048F8183C209B9B1048F8143C219B9B10C5
:10D2780048F8103C229B9B1048F80C3C239B9B10C1
:10D2880048F8083C249B9B1048F8043C144317EECC
:10D29800103A2A4617EE901A013516EE900A0395B1
:10D2A800FEF710FB019B204303430193059BAB4210
:10D2B80009F1480908F1240840F3A081A8F12403E2
:10D2C80007EE903A009B06EE903A0D9B062B00F372
:10D2D8008880359A59F8483C134149F8483C59F830
:10D2E800443C134149F8443C58F8243C134148F85D
:10D2F800243C59F8403C134149F8403C59F83C3C1F
:10D30800134149F83C3C58F8203C134148F8203C6C
:10D3180059F8383C134149F8383C59F8343C134122
:10D3280049F8343C58F81C3C134148F81C3C59F85F
:10D33800303C134149F8303C59F82C3C134149F82A
:10D348002C3C58F8183C134148F8183C59F8283C2C
:10D35800134149F8283C59F8243C134149F8243C26
:10D3680058F8143C134148F8143C59F8203C134130
:10D3780049F8203C59F81C3C134149F81C3C58F822
:10D38800103C134148F8103C59F8183C134149F82F
:10D39800183C59F8143C134149F8143C58F80C3C13
:10D3A800134148F80C3C59F8103C134149F8103C1B
:10D3B80059F80C3C134149F80C3C58F8083C134107
:10D3C80048F8083C59F8083C134149F8083C59F812
:10D3D800043C134149F8043C58F8043C134148F80C
:10D3E800043C59F80C1C59F8187C59F8242C59F8A5
:10D3F800304C59F83C3C59F8485C7C487F1AD21BA1
:10D40800A41A1B1B521AEE1A9B1A76105B1080FB8B
:10D41800045406EB670C0CEB4405F61B0895ACEBC3
:10D42800440C80FB024203EB610404EB42077048A2
:10D43800520080FB07576F4D5B1ABF0085FB031333
:10D448009B006D490A93A41A81FB0424089B59F890
:10D45800080C59F8142C59F82C1C59F8445C3B4416
:10D468000B93089BA2EB000E59F8202CDB1B0A9F9C
:10D478000993A2EB0E02891AA2EB000BF31959F8D3
:10D48800382C0893F31B521A13930CEB8403AD1A30
:10D498000E93A2EB0B02ACEB84036D10534C0A9372
:10D4A800521084FB013105EB6E0C0CEB4107A5EB28
:10D4B8000E05ACEB410C84FB0B3B02EB600404EB68
:10D4C8004B034B4E4FEA4B0B86FB03134949121A89
:10D4D8004FEA830E81FB02324749A4EB0B0492000A
:10D4E80081FB043459F8046C59F8103C59F8281C8D
:10D4F800981B59F81C3C1B1AA3EB060BC91A59F8C0
:10D50800343C59F8406C5B1AF61AA3EB0B035B101A
:10D5180011930EEB07031493A7EB0E031093AB18AC
:10D528001593AB1A12930CEB84031F93ACEB840393
:10D538002E4F0F93761087FB012106EB600505EB54
:10D548004104361AA5EB410587FB0B2B119859F8B6
:10D55800043C00EB630202EB4B0125484FEA4B0BFE
:10D5680080FB017111988900C31A224880FB03735C
:10D578002148A2EB0B029B0080FB02720819611A7A
:10D5880024919919F31A239305EB82032193A5EBB0
:10D59800820322930C9B1190022B20917FF4CCAC38
:10D5A80017EE900A5EA9FEF71BF95F99259162991B
:10D5B80026916599279168992D9160992891639989
:10D5C800299166992A9169995E9B2C916C992E9361
:10D5D800DDF884C1649C679E6A9A6D9BDDF8ACE1B6
:10D5E800DDF8B8B16F982B911FE500BFA1EBD96E9C
:10D5F8001D75A37B9A79825A83FB2021399A059B52
:10D6080005999B1A029A03EBC30302EB8303339A2F
:10D6180002938A4240F3A484349B8B4240F3738480
:10D628009342DFF85C894498A8BF134601F1804211
:10D63800013A00EB820CD8F848202D92D8F88C20BB
:10D648002E92D8F84C202F92D8F888203092D8F80B
:10D6580050203192D8F884203292D8F8542034924D
:10D66800D8F880203592D8F858203692D8F87C20FF
:10D678003792D8F85C203892D8F878203992D8F8C0
:10D6880060203A92D8F874203B92D8F864202C9302
:10D69800029B3C92D8F870203D92D8F868203E92C0
:10D6A800D8F86C203F922433009100278E46CDF89D
:10D6B8002C8153F8241C2D9A1C46084682FB003006
:10D6C8002E9A039082FB013154F8203C2F9A049142
:10D6D80020461C4682FB0414309A4094984682FBEC
:10D6E800083850F81C3C319A994682FB0919329A3D
:10D6F8001E4682FB063650F8183C349A06961D469C
:10D7080082FB0515359A4195194682FB013150F87F
:10D71800143C369A07911E4682FB0616379A4296A3
:10D72800194682FB013150F8103C02900891389854
:10D738001A4680FB0212099239981A4680FB023277
:10D748000A92029A3A9852F80C3C9B4680FB0B1BB3
:10D758003B98194680FB013152F8083C3C980B91E4
:10D768001A4680FB02123D980D92194680FB013142
:10D77800029A3E9852F8043C0E919A4680FB0A1A87
:10D788003F98194680FB013103980F9180004CF8AF
:10D79800040F3946059080EAE071A1EBE0711C9115
:10D7A8004EF3000181EA84030EF001001C18CCF846
:10D7B80080403B46109484EAE473A3EBE4734FEA99
:10D7C80089041D9342F8247C3B46CCF8004111940F
:10D7D80084EAE473A3EBE4731E9381EA8503C51816
:10D7E800CCF880513C46129585EAE574A4EBE574C3
:10D7F800B60042F8207C1F94CCF800623D46139690
:10D8080086EAE675A5EBE675099A209581EA820312
:10D81800C618CCF880623C46149686EAE674A4EBF7
:10D82800E674029A21944FEA8B0542F81C7C3E4626
:10D83800CCF80053159585EAE576A6EBE5760D9DBF
:10D84800229681EA8503C318CCF880333D461693A7
:10D8580083EAE375A5EBE3754FEA8A0442F8187C7E
:10D868002395CCF800443B46179484EAE473A3EB71
:10D87800E4730F9E249381EA8603C618CCF880646B
:10D888003C46189686EAE674A4EBE6740E9D42F8C8
:10D89800147CAD002594CCF800553B46199585EAD3
:10D8A800E573A3EBE5730B9C269381EA8406064493
:10D8B800CCF880653C4686EAE674A4EBE67442F848
:10D8C800107C279414460A9A9300CCF800363D46FB
:10D8D8001A9383EAE375A5EBE375089B289581EA1B
:10D8E80083050544CCF880563B4685EAE573A3EBEF
:10D8F800E57344F80C7C079C2993A300CCF8003707
:10D908003C461B9383EAE374A4EBE374069B2A94D6
:10D9180081EA83040444CCF880473B4684EAE473F4
:10D92800A3EBE473119A2B93059B1343139A1343A8
:10D93800159A1343179A1343199A13431A9A1343C0
:10D948001B9A1343109A43EA88031343129A13430A
:10D95800149A1343169A1343189A134333432B43C9
:10D968002343029C4FEA880544F8087CCCF8005809
:10D978003C4685EAE574A4EBE574049D81EA8501DB
:10D988000144CCF88018384681EAE170A0EBE170D8
:10D998001943DDE91C131E9A1F9D209E41EA0303CB
:10D9A80043EA020343EA0503219A239D43EA060357
:10D9B800229E43EA020343EA0603249A43EA050344
:10D9C80043EA0203259A289D43EA0203269A43EA7A
:10D9D8000203279A43EA0203299A43EA050343EA22
:10D9E80002032A9A43EA02032B9A43EA020343EA10
:10D9F8000403019A029C43EA000342EA03020192EB
:10DA08002C9A009B44F8047C18BF73460EF1010E53
:10DA18009645009304F12403FFF64BAE049B6F93E5
:10DA2800069B6D93089B6B930B9B69930F9B679366
:10DA38000D9B6593099B6393419B6193409B5F9307
:10DA4800079B6C930A9B6A930E9B68934246429B82
:10DA5800CDF814E06E92DDF82C81CDF898A1CDF8C0
:10DA680090B16293CDF88091039B5E93059A339BA6
:10DA78009342CE4640F30E82059B449A029C03F1E2
:10DA88008043013B02EB830A0C9B03EBC303243462
:10DA980008EB03184FF0000B67E15EA9FDF7A0FE45
:10DAA800609A0892629A0792649A06926A9A1E92FB
:10DAB8006C9A20926E9A0292619A0492639A0392E7
:10DAC8006B9A1F926D9A21925E9B6F9ADDF898E18E
:10DAD800689EDDF87C91659FDDF89CC1699922926A
:10DAE8009B004AF8043F5A46119383EAE372A2EB7B
:10DAF800E372059D129245F3000383EA890905F054
:10DB0800010505EB09000246CAF880001092584644
:10DB180082EAE270A0EBE2701390089844F824BC03
:10DB28008200CAF8002158460F9282EAE270A0EB00
:10DB3800E2701490049883EA8009A944CAF8809195
:10DB48005846CDF8389089EAE970A0EBE97015904D
:10DB5800079844F820BC8200CAF8002258460D9263
:10DB680082EAE270A0EBE270039A169083EA8209D7
:10DB7800A9444A46CAF880925846D9460B9282EA86
:10DB8800E270A0EBE270069A1790920044F81CBC71
:10DB98005846CAF800230A9282EAE270A0EBE270C3
:10DBA80083EA87072F441890CAF880735A46099762
:10DBB80087EAE772A2EBE7724FEA8E0E7746199270
:10DBC80044F818BC5A46CAF800E40897DE4687EAC3
:10DBD800E772A2EBE77283EA8C0CAC4467461A92B0
:10DBE800CAF880C45A46DC46079787EAE772A2EB70
:10DBF800E772B60044F814BC1B92CAF80065584690
:10DC080086EAE670A0EBE67083EA81014A191C9067
:10DC1800CAF880255946069282EAE271A1EBE271C0
:10DC28001E981D91800044F810BC5946CAF8000699
:10DC380080EAE071A1EBE0711F9F1E9183EA8702E1
:10DC48005119CAF88016049181EAE17EAEEBE17EB3
:10DC5800209944F80CBC8900CAF80017039181EA9E
:10DC6800E179A9EBE179219983EA81022A44CAF88A
:10DC7800802782EAE27CACEBE27C0F99119F44F8A2
:10DC880008BC0F430D990F430A990F4308990F4396
:10DC9800374307430398029E0E99074347EA8600D5
:10DCA800109E099F304308430B99029E084338434E
:10DCB800079F069938430843049908431043B20064
:10DCC800CAF80028594682EAE271A1EBE271229E65
:10DCD80083EA86032B44CAF880385A4683EAE372FB
:10DCE800A2EBE3720343DDE9123040EA0303149820
:10DCF800199F059D44F804BC43EA0003159843EABC
:10DD08000003169843EA0003179843EA000318989B
:10DD180043EA000343EA07031A9F1C9843EA0703F0
:10DD28001B9F43EA070343EA00031D9843EA0003E5
:10DD38001E9843EA000343EA0E0343EA090343EA51
:10DD48000C0343EA010343EA0203019A42EA03028D
:10DD58000192009B339A18BF2B4600936B1C9A4282
:10DD6800059304F1240440F394800C9B022BA4F146
:10DD780024003FF492AE54F8243CD8F88C50D8F8DC
:10DD880048201E46194682FB01010B465E91324629
:10DD980085FB02126F92229254F8202CD8F88850F2
:10DDA80016463146D8F84C2082FB010189465F911E
:10DDB800324685FB02126E92029254F81C2CD8F857
:10DDC800845016463146D8F8502082FB010108914C
:10DDD8006091324685FB02126D92219254F8182CFC
:10DDE800D8F8805016463146D8F8542082FB0101F5
:10DDF80004916191324685FB02126C92209254F88C
:10DE0800142CD8F87C60D8F85810104681FB0050C4
:10DE18000790629086FB02126B921F9254F8102CA6
:10DE2800D8F87870D8F85C101046154681FB05655F
:10DE38000395639587FB001054F80C1C6A90D8F87A
:10DE480060501E900E4685FB06766496D8F87420BE
:10DE5800069682FB015154F8086C6991D8F8645011
:10DE6800374685FB07C76597D8F8702082FB0656AA
:10DE780054F804CC6896D8F86820E64682FB0E5E13
:10DE8800CDF898E1D8F86C2082FB0C5CCDF89CC1E9
:10DE980026E613461F2B10DC1846449B002103EB93
:10DEA8008002002342F823102033B3F5107FF9D104
:10DEB8000130202802F10402F3D1019B002B3BD052
:10DEC80057DB1946002349001A4603F10103FAD526
:10DED800DDE948130B44DDE945011B01014403EB6F
:10DEE800C10347994A9C0098C4F8000B19440020C4
:10DEF800CB6BC4F8083B439BC4F8103BC4F8182B01
:10DF080071B0BDE8F08FDFF878800091B4E5DDF8F6
:10DF180008B00393FEF7FEBF1B6C399373B14399A6
:10DF280039914B1E03EBC302520008320D92294669
:10DF3800DA003846FEF7C1BA1F22C9E713020E936A
:10DF48000B9B03EB0223082215930D92399B3C4649
:10DF5800FEF777B80593339A05998A423FF75CAB89
:10DF68000B463391009195E7002339930193FEF70F
:10DF78003CBC4FF0FF32ABE74FF0FF30C0E700BFCB
:10DF8800AC8B0108FBF720BF08B1FBF7F7BE704761
:10DF9800002800F0CA812DE9F04F2DED028B0F46C5
:10DFA80087B0096808EE103A92468146FAF744FDB0
:10DFB800B0F10008C0F2A38139684144396048468D
:10DFC800FAF71EFE0028C0F20282DAF800303A683A
:10DFD80008EB0001591A02EB000EC7F800E0CAF876
:10DFE8000010D9F8B837002B00F08D80D9F8B03779
:10DFF8004BB1D9F8B4474846FAF712FD2044C9F89E
:10E00800CC07DAF80010129B002B00F0E680D9F854
:10E01800D837C9F8CC17002B40F08A81002940F383
:10E028008781C9F8DC17D7F80080DAF800305B1A66
:10E0380041443960CAF80030D9F8C427D9F8DC4718
:10E0480000239A4205934FEAC40440F356819B4645
:10E0580009F5FC630393D9F8BC37002B40F3EA8039
:10E06800039BCDF808B04FF0000A5746059EC346FB
:10E078009A4618E0A4452FDC02980197009048467C
:10E08800FCF7F8FF002807F10107C5EBC00583443A
:10E09800C0F20181059ED9F8BC373544BB42A8EBD4
:10E0A800050440F3C480029800905946234605AA07
:10E0B8000197484600F0B2F9059D5AF804CBC6EB23
:10E0C800C00606EB050E8344002805AA5946ACEBAA
:10E0D8000E03A4EB0E08CDDAD9F8C817D9F8C4276F
:10E0E800D9F8BC3701FB02F203FB02F218EE100A62
:10E0F80052100021F4F7A4F86FF0070007B0BDEC48
:10E10800028BBDE8F08FD9F8B037002B7FF471AFE0
:10E118000123C9F8B037DAF800104E1E002EA2EB22
:10E12800080C734619DD002502E00135B54214D00C
:10E138001C4613F8012BFF2AF7D1627802F0E0029F
:10E14800E02AF2D19CF80030FF2B1DD00335491B83
:10E158004E1E002E04F10303E5DC4FF0FF33C9F82F
:10E16800B437D9F8C817D9F8C427D9F8BC3701FB90
:10E1780002F203FB02F218EE100A52100021F4F723
:10E188005FF86FF00200B9E762789CF801309A42B4
:10E19800DCD19CF80220A378534013F0FC0FD5D1B2
:10E1A800930748BF04F1FF34A4EB0E04002CC9F810
:10E1B800B447D6DBD9F8C027D9F8C81708EB040349
:10E1C800034402FB03F3D9F8C427DB0001FB02F286
:10E1D80093FBF2F3C9F8B8370DE7D9F8CC078842B2
:10E1E80000F3E280D9F8DC37D9F8D8279342C0F297
:10E1F800B2809B1A09F11C0808EB0301404603F0A2
:10E208002DF8D9F8D807D9F8CC273968404403F055
:10E2180099F8D9F8CC27D9F8D8371344C9F8DC3796
:10E228003B6813443B60DAF800309B1A02E7D84693
:10E23800DDF808B059464846FCF718FB002861DBB2
:10E24800D9F8BC170029C8BF002504DC3BE0D9F881
:10E25800BC37AB4236DD2A4659464846FDF7B2FD83
:10E26800002805F10105F2DAD9F8C817D9F8C4274A
:10E27800D9F8BC3701FB02F203FB02F218EE100AD0
:10E2880052100021F3F7DCFF6FF00A0007B0BDEC75
:10E29800028BBDE8F08FD9F8C817D9F8C427D9F888
:10E2A800BC3701FB02F203FB02F218EE100A52100F
:10E2B8000021F3F7C5FF6FF0080007B0BDEC028B33
:10E2C800BDE8F08F1946D9F8C82718EE103A02FBB6
:10E2D8000BF202FB01F103EB4101484601F016F88D
:10E2E8000028C0F28780039B08330393D9F8C4370A
:10E2F8000BF1010B5B453FF7AEAE0020FEE66FF079
:10E308000500FBE6D9F8C817D9F8C427D9F8BC37EF
:10E3180001FB02F203FB02F218EE100A5210002170
:10E32800F3F78EFF6FF00900E8E66FF0040070471E
:10E33800D9F8C817D9F8C427D9F8BC3701FB02F2B5
:10E3480003FB02F218EE100A52100021F3F778FFCF
:10E358006FF00500D2E6024609F11C00396818443E
:10E3680002F0F0FFD9F8CC27D9F8DC37129913441A
:10E37800C9F8DC373B6813443B60DAF800309B1A75
:10E38800CAF80030D9F8C427D9F8C847D9F8BC3733
:10E3980004FB02F203FB02F218EE100A5210F3F724
:10E3A8004FFF6FF00100A9E6D9F8C817D9F8C427BC
:10E3B800D9F8BC3701FB02F203FB02F218EE100A8F
:10E3C80012995210F3F73CFF4FF0FF3096E6D9F858
:10E3D800C817D9F8C427D9F8BC3701FB02F203FBE8
:10E3E80002F218EE100A52100021F3F729FF6FF01D
:10E3F800060083E6D9F8C817D9F8C427D9F8BC3776
:10E4080001FB02F203FB02F218EE100A521000217F
:10E41800F3F716FF6FF00B0070E600BF2DE9F04F21
:10E428002DED028B97B0DDF88CA0049207900028A0
:10E4380000F00284046808EE101A0146002C00F06F
:10E44800FB8340680190002800F0F683D1F808901B
:10E45800B9F1000F00F0F08312681344D91D48BFCA
:10E4680003F10E01C91018EE102A0AA8FAF762FA89
:10E47800049B1968002940F06A812378002B40F03A
:10E488009B80229B03EBC3030AEBCA021B0103EB2D
:10E49800C203019A1344B04A586BD96B12F8108022
:10E4A80002EB40044FEACA020392229A6578D2002E
:10E4B8000229029200F00583229B002B00F043837F
:10E4C8004FEA0A13019A0833D618D358002B00F0E4
:10E4D8007F81229B2299C3EB43129200531E49016C
:10E4E800022B069140F2B683CAEB4A1309EB0201EC
:10E4F80059F8130041F813005B001A44043304323E
:10E5080039F8033029F802304FEA4A130593736843
:10E51800002B00F07D81229A069B9B1A059A9B008E
:10E52800A2EB0A02581E5200022802F1060140F22C
:10E53800868309EB010059F80110C15013444A447D
:10E548004B44927A9A72B368002B00F07D81229A2C
:10E55800069B9B1A059A9B00A2EB0A02581E5200C2
:10E56800022802F10B0140F2B28309EB030059F8CB
:10E578000140445013444A444B44D27BDA73F36855
:10E58800002B00F07E81229A069B9B1A059A9B001D
:10E59800A2EB0A02581E5200022802F1100140F2B2
:10E5A8008A8309EB030059F80140445013444A4454
:10E5B8004B44127D1A7597E0229B226A03EBC30332
:10E5C8000AEBCA011B0103EBC10301990B444FEA93
:10E5D800CA01039122995B6BC90012F0010C0291E8
:10E5E80003D0BAF1010F00F08781B3F5C87F80F23C
:10E5F800B7805A491A1181FB0201D817C0EB61088C
:10E6080008EB8801521A0321C3F381000F920B40D3
:10E61800052200271090CDF83880119315469346AF
:10E62800062605910891084609910691BE46229C46
:10E63800029B2344039C1B01544403EBC403019C29
:10E648002344DC6B022C00F09B81CDE9126BCDE9F1
:10E658001452BCF1000F00F0B680BAF1010F00F0BF
:10E6680070810EAE12AD229A029B1344039A1B01CD
:10E67800524403EBC203019A1344022CC3F864E02A
:10E6880000F09D81229BCDF88CA0C3EB43139A0028
:10E69800CAEB4A1302EB43034FEA4A120592229A45
:10E6A800089352014B44069209930027B04655F847
:10E6B800046B002E11DD089BD8F800A03B4409EB41
:10E6C800030B099BFC18344451460AA8FAF738F999
:10E6D8000BF8010BA345F7D1374416AB9D4208F15F
:10E6E8000408E4D1DDF88CA0229A069B9B1A059AAF
:10E6F8009B00A2EB0A0203EB42031533002229F820
:10E708000320229A029B0799049C1344039A1B0135
:10E71800524403EBC203019A1A441346229A9B6A95
:10E728000AEB420202F5FC720AA841F8223018EE00
:10E73800101A2268FAF76AF92368184400F00703E8
:10E748002360C01017B0BDEC028BBDE8F08F0AA89B
:10E75800FAF7F6F891E600BF048A0108676666666C
:10E76800B3F5FA7FC0F2A7802299029A0A44824937
:10E77800A3F5FA73A1FB03014FEA51080399CDF8F9
:10E7880038805144120102EBC10201990A44106C0D
:10E7980008EB48029B1A0022CDE910220F930028AB
:10E7A80000F016820621CDE90F83032315464FF0AA
:10E7B8000A0B0B26059308921046099106911746F5
:10E7C8004FF0010E33E7C3F864E00EAE12AD59E71F
:10E7D800CAEB4A135B005F1E5C1D229A4FEA4A137C
:10E7E8000593229BC2EB421207EB820704EB8204DB
:10E7F8005B014F444C44069341460AA8FAF7A0F837
:10E8080007F8010FA742F7D17368002B7FF483AE96
:10E81800059B069A2299A3EB0A035B00521A5F1D17
:10E8280003F10A0407EB820704EB82044F444C44CB
:10E8380041460AA8FAF784F807F8010FBC42F7D155
:10E84800B368002B7FF483AE059B069A2299A3EB4D
:10E858000A035B00521A03F10A0703F10F0407EBDE
:10E86800820704EB82044F444C4429460AA8FAF76D
:10E8780067F807F8010FBC42F7D1F368002B7FF463
:10E8880082AE059B069A2299A3EB0A035B00521AF3
:10E8980003F10F0603F1140406EB820604EB82046D
:10E8A8004E444C4429460AA8FAF74AF806F8010FDC
:10E8B800A642F7D118E7A3F5C87330499A10A1FB0F
:10E8C80002014FEA910803F00303109308EB880351
:10E8D800D21A00270F92042103220223CDF8388090
:10E8E800119707254FF0050B062605920893084651
:10E8F80009920692BE469AE6B3F5B47F03F0010783
:10E908004FEA6301C0F27381F32900F3B681B43989
:10E918000023032211939E46C1F3810306254FEA83
:10E928002118022011400F93042310910890CDF86C
:10E9380038800593AB462E46114610460992069339
:10E9480075E60EAEB446BCE80F0012ADC9F8F87013
:10E95800C9F8FC002F46C9F80011C9F80421C9F804
:10E9680008310FCFC9F80C01C9F81011C9F81421E2
:10E97800C9F8183177E600BFABAAAAAACDCCCCCC8F
:10E988001B6C002B00F0208106230693069B129334
:10E99800059BCDE91331089B1593BCF1000F7FF45B
:10E9A8005CAE229A029B1344039A1B01524403EB68
:10E9B800C203019A13440EAEC3F864E012AD229A62
:10E9C800029B1344039A1B01524403EBC203019AAE
:10E9D80013441B6C002B00F0EF80CAEB4A135B005A
:10E9E8005F1E5C1D229A4FEA4A130593229BC2EBD5
:10E9F800421207EB820704EB82045B014F444C444C
:10EA0800069341460AA8F9F79BFF07F8010FA742AA
:10EA1800F7D14FF0030B0123229ACDF88CA005EB18
:10EA2800830706EB8306069B9B1A059A9B00A2EBBD
:10EA38000A0203EB420309EB030208935B46934681
:10EA480057F8045B002D22DD089AD6F800A01D4473
:10EA580003EB4303134405EB450409EB03085C444B
:10EA680051460AA8F9F76CFF514688F817000AA81A
:10EA7800F9F766FF514688F818000AA8F9F760FF09
:10EA880008F1030888F81600A045E9D12B4616AA14
:10EA9800974206F10406D3D1DDF88CA0229A069B92
:10EAA8009B1A059A9B00A2EB0A0203EB420303F1AF
:10EAB80034024A444B44002183F83D10A2F8071061
:10EAC8001FE61F6C002F59D14FEA4A130593229B6A
:10EAD8005B010693229A069B9B1A059A9B00A2EB60
:10EAE8000A0203EB420407EB47072646274412367F
:10EAF8004F444E4441460AA8F9F722FF4146F875AB
:10EB08000AA8F9F71DFF414638760AA8F9F718FF51
:10EB18000337B875B742EDD14C4429460AA8F9F72E
:10EB28000FFF294684F829000AA8F9F709FF2946A2
:10EB380084F82A000AA8F9F703FF033484F82800A8
:10EB4800A642EAD1AAE7CAEB4A146400671E04F198
:10EB58000A064F444E4441460AA8F9F7F1FE07F861
:10EB6800010FB742F7D114344C4429460AA8F9F7E3
:10EB7800E7FE07F8010FBC42F7D1C2E5CAEB4A131A
:10EB88005B005E1EDC1D229A4FEA4A130593229B06
:10EB9800C2EB421206EB820604EB82045B014E4490
:10EBA8004C44069341460AA8F9F7CAFE06F8010F35
:10EBB800A642F7D103278DE74FEA4A120592229A17
:10EBC80052019B46069227E7099B05930146DDE61D
:10EBD8000621032302460546089007464FF00A0B14
:10EBE8000B260593099106914FF0010E1FE53E4A49
:10EBF800DB1782FB0102C3EBE20808EBC8033B4AC0
:10EC0800CDF83880A1EB830382FB0312A2EBE372F9
:10EC18000F9202EB4202A3EB4203042100220725D4
:10EC2800109305231192AB462E4605930892084689
:10EC3800099106919646FAE44FF0FF3082E51344B5
:10EC480059F80100991D4A4449F801004B44927A49
:10EC58009A7278E4CAEB4A1102EB410359F8112081
:10EC680049F8032009EB41014B440A791A714A79A2
:10EC78005A714FEA4A13059349E41D4AA1F1F40376
:10EC8800A2FB03124FEA520808EB48015B1A0F93E4
:10EC98000623002205254FF0080B032105930423C2
:10ECA800CDE91022CDF838805E46089208460993CF
:10ECB80006959646BBE4134459F8010003F1100188
:10ECC8004A4449F801004B44127D1A750CE5134477
:10ECD80059F8010003F10B014A4449F801004B447B
:10ECE800D27BDA734BE400BF398EE338ABAAAA2A89
:10ECF800ABAAAAAA00292DE9F0432CDD0026A0F131
:10ED0800040C00F6FC0E37463446B0465CF8043F67
:10ED18005EF8045F03EB05095B1BCCF80090CEF8A6
:10ED28000030DCF80050404685EAE570A0EBE5705D
:10ED38000743404683EAE370A0EBE3700134A14245
:10ED480046EA0006E2D1D2E9001339433343C2E967
:10ED58000013BDE8F08300263746F4E72DE9F04FAD
:10ED68008FB0189D0B90D5F818A0BAF1000F71D18B
:10ED7800EC6A1998DFF8FCE2566B6D69671CC0EB0A
:10ED8800C00C0EEB8C0036F9172001901998AC4294
:10ED9800A1EB02014FEAC00080F27881002940F31C
:10EDA800758103EB040B2B440293B14B034403938B
:10EDB8001BF8013F072B06EB470ED046564642D0BC
:10EDC800019850F823508469641B7346BEF9027099
:10EDD800B3F90030FF1A002F0EF1020E40F3418103
:10EDE8000B9B02F180400138CF1B03EB800002EB44
:10EDF800010C00E0A9B350F8043F1A4684FB0292C4
:10EE08009200C0F80029B14682EAE279A9EBE279DA
:10EE180048EA090885FB03239B000360324683EA1E
:10EE2800E372A2EBE3720139B9424AEA020AACEB97
:10EE38000102DFD1029B9B4513D097B139461BF8DD
:10EE4800013F072BBCD18A4B199853F83050039BCC
:10EE58005C68BAE70AF1FF30012808D94FF00008CA
:10EE6800C2461B9BC3E900A80FB0BDE8F08FAC6A8F
:10EE7800D2F834C019982F690CEB4402C0EBC000DB
:10EE8800B2F9302002EB42028E1A7A4901EB800176
:10EE980019980A91BC4204F1010507F101014FEAF2
:10EEA800C000DBDA022ED9DD18340CEB440405EB84
:10EEB8004505099401EB41015C19033B0B440D9393
:10EEC8006B4B089403440C93089BDB7D4FF00008C0
:10EED800072BC246444600F0A2800A9951F8230045
:10EEE8008B6906901B1A0493089B1B7E072B00F066
:10EEF800A3800A9951F823908B69A3EB0903059322
:10EF0800089B5B7E072B00F0A3800A9951F8230029
:10EF18008B6902901B1A039309990B46B1F902E019
:10EF2800B3F90030AEEB030E0231BEF1000F0991C8
:10EF380040F3A2800B9B0EEB4E0E03EB8203324490
:10EF4800A6EB0E0E079201E0022E8ADD1A68049DD8
:10EF5800114685FB01018900C3F80019A44681EA1E
:10EF6800E17CACEBE17C069880FB021292001A600F
:10EF7800274682EAE277A7EBE2775A68059D1146B1
:10EF880085FB01018900C3F80419204681EAE17074
:10EF9800A0EBE17089FB021292005A60214682EAD6
:10EFA800E271A1EBE2719A6801921546039A82FB1D
:10EFB80005B5AD00C3F80859A34685EAE57BABEB78
:10EFC800E57B40EA0C0040EA0B00DDE9012548EA50
:10EFD800000885FB020292009A60204682EAE270ED
:10EFE800A0EBE270033E079A3943014376454AEAAB
:10EFF800010AA2EB060203F10C03A5D1089B0D99A7
:10F008008B423FF42EAF0333BEF1020F08937FF714
:10F0180028AF7646089BDB7D072B7FF45EAF144B49
:10F02800199953F8313006930C9B5B680493089B3D
:10F038001B7E072B7FF45DAF0D4B199953F8319068
:10F048000C9B5B680593089B5B7E072B7FF45DAF89
:10F05800074B199953F8313002930C9B5B68039363
:10F068005AE7029B9B453FF4FCAE0F463946E6E65D
:10F07800248A0108348A0108089B0D998B423FF4C1
:10F08800F0AE0333B64608937646C3E7D046E8E6C3
:10F098002DE9F04FA1B0DDE92AA52C68AC462C9DDE
:10F0A80005EB4404974D05EB841403940CF1100808
:10F0B80000244FF0010E5CF8045FDCF810700EFAC3
:10F0C80005F5002F05F1FF350ADD274409AE06EBEB
:10F0D800840406EB870644F8045BB442FBD13C4643
:10F0E800C445E8D1DAF81840002C40F08280DAF8FC
:10F0F8002C50566BDAF8142002926F1C03EB0509AA
:10F1080036F917200590A1EB02080121C3F101038C
:10F11800CDE91E1109A901EB850104932C9D7A4BB9
:10F12800019103EBC50306EB470A214606932746E0
:10F13800049B02984B44984249DB019D19F8010F42
:10F1480055F8043F0195834247D0431CC6074FEA50
:10F15800630349D5039D55F823002B461D68BAF96A
:10F1680002C053460AF1020AB3F90030ACEB030CB3
:10F17800C445A8BFC446BCF1000F25DD059B0CEBB8
:10F18800020E03EB8E0603EB820252F8043B85FB6A
:10F1980003B39B00C2F8FC38BB4683EAE37BABEBC6
:10F1A800E37B52F8043C41EA0B0180FB03B39B006C
:10F1B80042F8043CBB4683EAE37BABEBE37B964235
:10F1C80044EA0B04E1D17246B8EB0C08B0D12E9B8F
:10F1D800C3E9004121B0BDE8F08F4B4B2C9853F8A0
:10F1E8003000069B5D68BAE7039800EB830300686C
:10F1F800B4E7526B173301930123CDE906A21593A7
:10F208002C9A414B002103EBC2030C460491059351
:10F2180000F5106A8E46069A079ED36952F8045F75
:10F22800069206EB43020327BC46128E049F029502
:10F2380012FB0C7203F1010C654548DB09AD05EBC7
:10F248008309183306EB43080CEB4C03019DED5C76
:10F2580059F8043FAB4248D06B1CED074FEA6303F3
:10F268004AD5039E56F8235033461E68B8F90270F3
:10F2780043460CF1010CB3F90030FF1A002F08F1D6
:10F28800020821DD07EB4707174450F8223086FBB8
:10F2980003B39B004AF82230F34683EAE37BABEBE7
:10F2A800E37B50F8223041EA0B0185FB03B39B0056
:10F2B80040F82230F34683EAE37BABEBE37B03328F
:10F2C800BA4244EA0B04E0D1029B6345BCDA049BD2
:10F2D800019A01330132032B049301929BD12E9B97
:10F2E800C3E9004121B0BDE8F08F074B2C9D53F8CE
:10F2F8003550059B5E68B9E7039D05EB83032D68D0
:10F30800B3E700BF6C8A0108248A0108002800F0CE
:10F318008680C368002B00F082802DE9F04F466993
:10F3280085B0002E78D08769002F75D0D0F8BC370B
:10F3380007F50054022BD4F800220D4631D0DFF82F
:10F34800E4A003964FF0000906F58058039BD8F80F
:10F35800186B009609F0010B03EBC91039465B46A0
:10F36800FAF780FDD4F800120BEB0B1301EB8311B5
:10F378002846524607EB8101F1F7D4F9D4F8002268
:10F3880009F10109A2EB0B0202F00702B9F1120F11
:10F39800C4F8002205F14005D8D1002005B0BDE829
:10F3A800F08F06F5106307F1800A03934FF0000908
:10F3B80006F5805809F0010BD8F8181B0091304663
:10F3C8005B463946FAF74EFDD8F81C1BD4F80022E4
:10F3D80000915B4606F510605146FAF743FDD4F8F4
:10F3E80000120BEB0B1201EB821128460D4A07EBBA
:10F3F8008101F0F7EDFED4F80022039B8036A2EBE2
:10F408000B0202F00702B34209F1010905F1800578
:10F41800C4F80022CED1C0E74FF0FF30BEE74FF06E
:10F42800FF307047EC8D010810B4019C002020705B
:10F438005DF8044B187010700870704700B50078BC
:10F448004FF0FF0E4FEAC00C81F800E02CF01F0CC3
:10F4580020F01F01117083F800C0019B8001187013
:10F468005DF804FB008810B54FEAD00C4FEA102E67
:10F478002EF0070E2CF0070CFF240C7082F800E029
:10F4880083F800C0029BC000187010BD00884FEAC6
:10F49800102C2CF00F0C81F800C0010921F00F018D
:10F4A800117020F00F021A70009B0001187070474D
:10F4B8004FF0FF0C81F800C00178117042781A7083
:10F4C800009A83781370704700684FEA106C81F8CF
:10F4D80000C0010C1170020A1A70009B1870704766
:10F4E8002DE9F04F95B0CDE910120269017A0E931B
:10F4F8000023DDF878B08DF84C3080460F91002A53
:10F5080000F09E80D2F80090B9F1000F00F08D80D5
:10F518008DF84D308DF84E308DF84F30137AD9F87C
:10F528000810D2F804A0D9F804400E9A059198075B
:10F538007ED42199521A059901FB02F2239992FB74
:10F54800F1F2190702D505998A1A013A99F80C10AF
:10F55800042900F2C181A648405C0490A54850F8EF
:10F5680021100391BAF1000F00F0BE818AEAEA7116
:10F57800A1EBEA71B1F5B47F00F36F825046002821
:10F58800B8BF00F5B4705A2840F28282A0F15B013E
:10F59800592940F27B82A0F1B505592D40F201842A
:10F5A8009549C0F5B47031F81000404207900AF14F
:10F5B8005A0080EAE075A5EBE075B5F5B47F0ADD81
:10F5C8008E4D85FB00650544C617C6EB25254FF40F
:10F5D800B47606FB15000028B8BF00F5B4705A28A9
:10F5E80040F25D82A0F15B05592D40F25682A0F1F0
:10F5F800B505592D8ABFC0F5B47031F8151031F82A
:10F6080010104942089105990798A2EB610100FB87
:10F6180001F00A90089800FB01F1099168E1DDF812
:10F6280078B0D8F80C3002937BB915B0BDE8F08FEC
:10F638002198121A084692FBF1F100FB112280E78B
:10F64800C3680293002B00F02D83029B9C680B94E7
:10F6580094F800806368059341462246E468002CCC
:10F66800FBD1029815780378526806950892002B0A
:10F6780000F0CA80239A229902FB02F201FB0122C0
:10F6880007EE902AF8EEE77AB1EEE77ABDEEC77A90
:10F69800214617EE102A521007921F9A9345C4DC90
:10F6A800209A2298219DDDED077A9FED557ADFF8A3
:10F6B800549102EB60000E9A0990521B239DA2EB15
:10F6C800650202FB02F2119D0A92A0EB0B0C04FBEF
:10F6D8000C1C6FF063020F99ABEB050702FB04F4F7
:10F6E800109D03946422F8EEE77A02FB0CFC8AB2C0
:10F6F800C7EE276A05EB4707049201F1010E0026C1
:10F70800002B47D1079B9CFBF3F3C3F1320343451E
:10F7180054DD069A934201DA904551D1089E049827
:10F728003988C6F30743C6F307225FFA86FAD8B1C9
:10F73800080A00F0F800181A0EFB00F0A3EB2020CE
:10F74800C3B2C808C90000F0F800C9B2101AAAEB81
:10F7580001010EFB00F00EFB01F1A2EB2020AAEB49
:10F768002121C2B25FFA81FAD20009EA032302F426
:10F77800F862134343EADA0327F8023B039B9C44ED
:10F788001F9B0BF1010B5B45FFF64FAF029B1B78EC
:10F79800002BB7D0099B0A9AABEB030303FB0323A7
:10F7A80007EE903AF8EEE77AB1EEE77A66EE877AF6
:10F7B800FDEEE77A17EE903A4345AADC059EAEE7E0
:10F7C8000B99CA680878002AA9D0039C1F9D8A460D
:10F7D80000E00A4601468B42107802DB834240F380
:10F7E8006D81D16892460029F3D103941F9596E75D
:10F7F8000C9201081492010828920108B7600BB610
:10F808000000C84200F8FFFF4268002A00F0968115
:10F818005A2A00F0E48182EAE271A1EBE271B1F5C3
:10F82800B47F00F3278110460028B8BF00F5B470F4
:10F838005A2840F23A81A0F15B01592940F23381FC
:10F84800A0F1B504592C40F2B382B849C0F5B470A0
:10F8580031F8104064425A3282EAE270A0EBE2705A
:10F86800B0F5B47F0ADDB24880FB02051544D01715
:10F87800C0EB25204FF4B47505FB1022002AB8BF51
:10F8880002F5B4725A2A40F21681A2F15B00592897
:10F8980040F20F81A2F1B50059288ABFC2F5B472AF
:10F8A80031F8100031F812004042229A04FB02F1AC
:10F8B800239A002900FB02F2B8BF4942002AB8BFC8
:10F8C80052428A18079221990E9A511A239AA1EB4B
:10F8D800620100FB01F1E0E69649039100210491E1
:10F8E800BAF1000F7FF442AECDE909AACDE907AA23
:10F8F8001F998B453FF795AE04FB02F20D92119AC2
:10F908000F99CDF878B0ABEB0205109A02EB4505DC
:10F91800209AABEB020762100B92059A52100C92D8
:10F928008AB206920A4604FB07F701320BF1010678
:10F938000297934681E0209AB01A013890FBF4F2BE
:10F9480004FB12005B0744BF201A00F1FF30BAF134
:10F95800000F7AD00B9A0799099B801A01FB003394
:10F96800089901FB00F00C9901EBE3330A99401A5E
:10F9780002EBE030059A23EAE373934220EAE07051
:10F98800A8BF02F1FF33A042A8BF04F1FF3004FB77
:10F998000300049AD9F8003002FB00300DF14F0340
:10F9A8000093039F0DF14E030DF14D0213A9B847C3
:10F9B8009DF84C30A3B39DF84D30069F2A889DF8DA
:10F9C8004E109DF84F001FFA83FC6346F7B14FEACB
:10F9D800122E0EF0F80EACEB0E0C0BFB0CFCA3EB8E
:10F9E8002C2C5FFA8CF34FEAD20CD2000CF0F80CF6
:10F9F800D2B2A1EB0C0C821A0BFB0CFC0BFB02F233
:10FA0800A1EB2C21A0EB2222C9B2D0B24A4AC900EC
:10FA180002EA032301F4F8610B4343EAD0032B8085
:10FA2800029B234402931F9BB34205F10205FFF694
:10FA3800F6ADD8F810301B7A0136DA073FF57BAF00
:10FA4800229A029991FBF2F07CE70D9B049A1844E4
:10FA5800D9F8003002FB0030A0E7354981FB0A01E4
:10FA680051444FEAEA70C0EB21204FF4B47101FB16
:10FA780010A084E52E4981FB02011144D017C0EB88
:10FA880021204FF4B47101FB1020CDE6C0F1B40081
:10FA9800264931F81000079089E5C0F1B40031F823
:10FAA80010100891AFE5C0F1B400204931F81040BA
:10FAB800D1E6C2F1B40231F81200F6E69AF808600D
:10FAC80003941F957EB388422DD05B1A5268411A61
:10FAD800C3EB032393FBF1F3DAF80410DBB28DF8E0
:10FAE8004C3003F1010A0C4615465FFAA4F05FFAA0
:10FAF800A5F1411A0AFB01F1A0EB21205FFA94F16C
:10FB08005FFA95F28A1A0AFB02F2A1EB2221E2B20D
:10FB1800EBB2D31A0AFB03F3A2EB232242EA012237
:10FB280042EA0046FBE5DAF80460F8E528920108A5
:10FB3800B7600BB631F4000800F8FFFF219A0E9B5E
:10FB48009B1A642202FB03F3239A93FBF2F3C3F19B
:10FB58006403DBB2984519D29D4240F20881A8455A
:10FB680000F005810B9AD268002A00F0D4810B9C22
:10FB780000E0024608468342117802DB994280F091
:10FB88009781D06814460028F3D105901F9B9B45A8
:10FB98003FF74BAD059B0F9CC3F30741A5B2C3F3D9
:10FBA8000722D8B2002C40F0A580119D109C1F9E02
:10FBB800ABEB050304EB4303023404EB4604A4EB6C
:10FBC8004504B94DD20002F4F86205EA01210A435E
:10FBD80042EAD00223F8022BA342FBD125E51F9B62
:10FBE8009B453FF722AD209BDFF8BC92DDF888C02B
:10FBF800ABEB0306119BABEB0307109B03EB47072B
:10FC0800642303FB06F60F9B1FFA83FACDE9026A09
:10FC180003F1010E3EE0069A934202DA904540F065
:10FC2800A980089C03983988C4F30743C4F30722C2
:10FC38005FFA84FAD8B1080A00F0F800181A0EFB27
:10FC480000F0A3EB2020C3B2C808C90000F0F800F8
:10FC5800C9B2101AAAEB01010EFB00F00EFB01F16C
:10FC6800A2EB2020AAEB2121C2B25FFA81FAD200CE
:10FC780009EA032302F4F862134343EADA0327F894
:10FC8800023B029B643302931F9B0BF1010B5B4504
:10FC9800FFF6CBAC029E96FBFCF3DBB24345BADC25
:10FCA800059CBFE71F9B9B453FF7BFAC249B0C46B9
:10FCB8008DB2C3F30740C3F30721DAB2002C7CD11D
:10FCC800119D109C1F9EABEB050304EB430302340C
:10FCD80004EB4604A4EB4504734DC90001F4F86134
:10FCE80005EA0020014341EAD20223F8022BA3428D
:10FCF800FBD19AE4119B109E1F9FABEB030406EB0C
:10FD08004404023606EB4706674FA6EB4306013567
:10FD180023884FEA132C4FEAD30E0CF0F80C0EF0A0
:10FD2800F80EA1EB0C0CA2EB0E0EDB0005FB0CFC95
:10FD380005FB0EFEDBB2A1EB2C2CA2EB2E2EC31A78
:10FD48005FFA8CFC4FEACE0E05FB03F307EA0C2C96
:10FD58000EF4F86EA0EB23234CEA0E0CC3F3C40395
:10FD680043EA0C0324F8023BB442D1D15DE4089B7A
:10FD780005930BE70B99CA680878002A3FF452AF3D
:10FD8800039D8A4600E00A4601468B42107801DB53
:10FD9800834250DDD16892460029F4D1CDE902654D
:10FDA80040E7424931F8150040420790FFF7FFBB92
:10FDB8003E4931F8144064424DE5119B109E1F9F47
:10FDC800ABEB030406EB4404023606EB4706364F5A
:10FDD800A6EB4306013523884FEA132C4FEAD30ECE
:10FDE8000CF0F80C0EF0F80EA0EB0C0CA1EB0E0EBC
:10FDF800DB0005FB0CFC05FB0EFEDBB2A0EB2C2C9C
:10FE0800A1EB2E2ED31A5FFA8CFC4FEACE0E05FB1F
:10FE180003F307EA0C2C0EF4F86EA2EB23234CEA4A
:10FE28000E0CC3F3C40343EA0C0324F8023BA642B6
:10FE3800D1D1FFF7FABB9AF80840CDE902657CB347
:10FE480088422DD05B1A5268411AC3EB032393FBF7
:10FE5800F1F3DAF80410DBB28DF84C3003F1010A43
:10FE68000D4616465FFAA5F05FFAA6F1411A0AFB9D
:10FE780001F1A0EB21205FFA95F15FFA96F28A1A58
:10FE88000AFB02F2A1EB2221EAB2F3B2D31A0AFB6F
:10FE980003F3A2EB232242EA012242EA0044C1E62C
:10FEA800DAF80440BEE600BF00F8FFFF2892010818
:10FEB80025460B94247A54B3814228D01B1A091A78
:10FEC800C3EB032393FBF1F4E4B26E685768013483
:10FED8005FFAA6F05FFAA7F1411A04FB01F1A0EB63
:10FEE80021205FFA96F15FFA97F28A1A04FB02F270
:10FEF800A1EB2221F2B2FBB2D31A04FB03F3A2EB6B
:10FF0800232242EA012242EA004505953EE60B9B80
:10FF18005B6805933AE6059438E600BF10B50446D9
:10FF28000C2001F063F800220470C0E9012210BD22
:10FF380070B138B5846805462CB12046E46801F0F4
:10FF48005DF8002CF9D12846BDE8384001F056B8D4
:10FF5800704700BF642900D970472DE9F0478146F2
:10FF680010200E4690469A4601F040F8D9F808400D
:10FF780006700027C0F8048080F808A0C7600CB994
:10FF880017E02C462178B14207D00ED8E5682746FD
:10FF9800002DF6D1E060BDE8F08784F808A0C4F829
:10FFA8000480BDE8F04701F029B8C4600FB1F860DB
:10FFB800F1E7C9F80800BDE8F08700BF4160704765
:10FFC80070B50E4604462421012000F0F1FF0123FC
:10FFD800054606708372062E25D8DFE806F01A1A41
:10FFE800151504041F001021012000F0E1FF002373
:08FFF800C5E9073368602CB174
:020000040801F1
:100000002346E469002CFBD12B62DD61284670BDDC
:100010001421012000F0D0FFEDE71C21012000F0A9
:10002000CBFFE8E71821012000F0C6FFE3E700F06E
:10003000E9FF0025EAE700BFF0B138B50446D4E98E
:10004000073292B1D3610025204603B11A6263687A
:100050006BB1184600F0D6FF204600F0D3FF55B133
:100060002C46D4E90732002AECD11D46ECE700F01B
:10007000C9FF002DF4D138BD704700BF0161704742
:10008000C1607047017270478172704710B4994225
:10009000019C02DD8C4619466346A24202DD94466D
:1000A000224664464068C0E90234029B0361C0E90D
:1000B00000125DF8044B704770B5DDE90465B2428B
:1000C000069C13DCA24205DD96468C462246294654
:1000D00074466546B4421ADB4068C0E90236079BA5
:1000E0008361C0E90012C0E9045470BDA64206DD78
:1000F000A646AC4614460D4672466146ECE7964667
:10010000324676468C46B44219466346E4DAB64631
:100110009C4626462B4674466546DDE7406883606C
:10012000009BC360C0E90012704700BF10B4406874
:10013000019C80E81E009DF80820039B02745DF876
:10014000044B4361704700BF2DE9F04F9DB0BDF8EF
:1001500098400993A242CDE90B046DD85B1A013394
:100160005B0093468A460D93002865D00B9FBB7AAF
:10017000002B53D03978062950D8DFE811F09400CD
:100180009400600060000700070061017968D1E910
:100190000123D01A584541DAD4185C453EDD0C687D
:1001A0001D19AA453ADA099EE51AAE4236DDABEBD7
:1001B000020203FB03F602FB126207EE902AF8EE3E
:1001C000E77AF5EEC07AF1EE10FA27D4F1EEE76A9D
:1001D00007EE904AF8EEE77A5B0036EEA77ACA6837
:1001E000099E0692BDEEC77ACDE9043377EEE67A32
:1001F00017EE103AFDEEE77AB342A8BF33460193FB
:1002000017EE903ACDE902505345B8BF53460093DC
:1002100027995B4652463846FFF766F9FF69002F7B
:10022000A5D10BF101031FFA83FB0D9A279B134401
:1002300027930C9B5B4599D21DB0BDE8F08F7C687D
:1002400063685B45EADCE2685A45E7DBD4F808C03E
:10025000E245E3DC2068099D8542DFDB82455646A6
:10026000B8BF06466545A8BF6546032900F07981F9
:100270005B4500F076815A4500F07381824540F37A
:100280006A826545CAD12269D4E900310692E268E2
:100290000293521AEB1A01320133CDE90055039152
:1002A00005920493B4E77C6860685845B6DC6269DF
:1002B0005A45B3DBA668D4F800C025690A9566459F
:1002C0003346B8BF63469D42AE46B8BF1D46AA45F9
:1002D0000E93A946A2DC6645B046A8BFE046C645D7
:1002E000099B7546A8BF4546AB42109596DBE3686F
:1002F0000F93984200F0C981664500F0D881ABEBBE
:100300000003A6EB0C0E03FB0EFE0F9B1B1A9EFBBD
:10031000F3FEE644F045CDE914EE40F331810023CD
:1003200001250E9311950F9DAA4200F036810025FC
:1003300012950A9DB54200F0CF81A5EB060E0F9DE8
:10034000ABEB050808FB0EFEA2EB0508119D9EFB1A
:10035000F8FE0DF1700808EB8508B6440E9D48F8CC
:1003600020EC0DF1700808EB85080A9D48F820EC98
:10037000B542A8BF3546AE4580F23481904200F0C8
:1003800014810A9D654500F0C981119D1CAE06EBE4
:1003900085080E9D06EB850E0A9DACEB0506ABEBC2
:1003A000020505FB06F6851A96FBF5F60A9D2E4416
:1003B000654548F8206CA846A8BF6546AE424EF891
:1003C000206CAE4606DBE0454546B8BF6546AE420A
:1003D00040F30581002B3FF421AFDDF850C06546A6
:1003E0000DF1700E9E1E0EEB830353F8243C9D42CC
:1003F000B8BF1D460EEB860353F8203C9C45A8BFB2
:100400009C4616F0FF03EBD1099BD445B8BFD446F8
:100410009D42A8BF1D46012903D0129B002B00F06E
:10042000E980109EA1690691121AA9EB0603013218
:100430000133CDE90260CDE900C505920493E7E6FA
:100440007C6863685B453FF7E9AEE6680E937278B7
:100450001A445A457FF7E2AE3578A368D4F8009085
:10046000013DED100135042D3FF7D8AE184611932C
:1004700000F0CEFA03460A90307800FB0391013970
:100480008A453FF7CBAE099A4A45FFF6C7AECA4543
:10049000D046B8BFC8468A42A8BF0A469446E0453F
:1004A000626912923FF7BAAEA8EB090898FBF0F226
:1004B00093427FF7B3AE0E9B0F97A1EB0901ABEB15
:1004C000030E0131EB001391013B0121ACEB090C50
:1004D0009940CDF838C04F46CDF840A0F146DDF840
:1004E00044A0CDF844B084468B4631E096F809E04C
:1004F0009E4534D35B1AD9B20CFB128296F801C028
:10050000736801FB0C9105FB01F1012D03EB010E5A
:1005100000F09380022D00F0AC80032D00F0AB8042
:100520005B58217C09B143EA5303934013EA0B0F54
:1005300040F085800E9B984500F096800A9B96F8C7
:1005400000C008F1010898FBFCF2934240F38C8054
:100550001AF80230317A8B4207EB0800C6D200212C
:10056000CAE7D21AACEB000C21690691CDE902036F
:1005700001320CF10103CDE900650592049347E6D1
:100580000E9B7345B4BF002301235B005D1C1195D6
:100590000F9D0E93AA427FF4CAAE5A4500F0F58033
:1005A0000025904212957FF4ECAE58457FF412AFCF
:1005B0000E9D1CAE06EB850E119D06EB8508129E66
:1005C0000136F5B212950A9D6545A8BF65464EF8FD
:1005D000205C0A9D6545B8BF654648F8205C02333B
:1005E000DBB2FAE60A9DAE42B8BF2E46B6453FF7EB
:1005F000C5AE8DE01099A369CDF800C0A9EB010646
:10060000121A01360132CDE90523CDE90306CDE901
:1006100001C15B46279952463846FEF765FFA3693C
:10062000626806936369109904969B1A0133CDE9B9
:100630000055029103920593EAE55B5C71E7129B1A
:100640000693139BCDF814C0049363682799CDE9F2
:100650000273CDE90000DDE910230F98FEF744FF97
:100660000E9B98457FF46AAFDDE90F7ADDF844B060
:10067000D4E55B5A55E7595C9EF802309EF801E0DC
:100680001B0443EA0E230B434BE758457FF447AE68
:100690000E9BCDF850805A45159300F096800223AA
:1006A00003254FF00108CDE911580E9341E683422E
:1006B0001D46A8BF03465B453FF731AE85422B463A
:1006C000B8BF03465B45FFF62AAE02230325CDE9FA
:1006D00014660E93119526E60F9D95422E46A8BFEF
:1006E00016465E453FF74AAE9542B8BF15465D4592
:1006F000FFF644AE119D1CAE06EB85060A9D46F83A
:10070000205C0E9D1CAE06EB85060A9D46F8205C1B
:100710000233DBB25D1C0E9311952FE69042064624
:10072000A8BF16465E453FF755AE90420646B8BF95
:1007300016465E45FFF64EAE119D1CAE06EB8506D5
:100740000A9D46F8205C0E9D1CAE06EB85060A9DB0
:1007500046F8205C43E721690096ACEB000CD21A06
:100760000CF1010C0132CDE90521CDE9033CCDE9C5
:10077000016027995B4652463846FEF7B5FED4F82D
:1007800008C065457FF44AAD7DE50233DBB25D1CF0
:10079000DDF8448011950125DDF838E012950E93BF
:1007A0001CAD05EB8E050DF1700E0EEB880EDDF81D
:1007B0002880B045A8BFB04645F8208C0A9DAE42BF
:1007C000B8BF2E464EF8206CD8E54FF0020E042339
:1007D0000525CDE9115E0E934FF003084FF0020E90
:1007E000DEE700BF10B40378062B0CD8DFE803F077
:1007F0001E1E0E0E040404004368D3E90040214489
:100800001044C3E900105DF8044B704743689868D2
:100810001C680C44014499605868D9681C601044F5
:1008200011445DF8044B5860D960704743681C68F8
:1008300098680C4408441C601C69986058682144FE
:10084000196184185969D8685C60104411445DF8D6
:10085000044BD8605961704700283ED0F0B583B092
:100860000378062B0CD8DFE803F010102A2A0404C2
:1008700004004368D3E900540D441444C3E9005410
:10088000C0690028ECD103B0F0BD43685C690194F5
:100890001C681F695E68DD6804EB010C9C68C3F886
:1008A00000C004EB010E019CC3F808E00F4416449D
:1008B000154414441F615E60DD605C61E0E74368DD
:1008C000D3E901561F68DC680F440E4415441444F4
:1008D000C3E901561F60DC60D2E7704718B10172AE
:1008E000C0690028FBD17047002A0ADD01390244A3
:1008F00003E000F8013B904203D011F8013F002BC8
:10090000F7D10023037070470378D3B110B50346C5
:10091000C0F1010E0EEB030C13F8014F002CF9D1BE
:10092000002A60440ADD0139024403E000F8013B7B
:10093000824203D011F8013F002BF7D1002303704E
:1009400010BD002A0ADD0139024403E000F8013B32
:10095000824203D011F8013F002BF7D1002303702E
:10096000704700BF0378B3B100B50346C0F1010E74
:100970000EEB030C13F8012F002AF9D10B78604419
:100980002BB100F8013B11F8013F002BF9D10023F6
:1009900003705DF804FB0B782BB100F8013B11F8F4
:1009A000013F002BF9D10023037070470B782BB166
:1009B00000F8013B11F8013F002BF9D1002303702F
:1009C000704700BF38B50478BCB105460246002325
:1009D00012F8011F184601330029F9D10121023014
:1009E00000F0EAFA034638B103F8014B15F8014F5D
:1009F000002CF9D100221A7038BD0121084600F000
:100A0000DBFA03460028F7D000221A70F4E700BF93
:100A1000037843B10346C0F10101C81813F8012F50
:100A2000002AFAD170471846704700BF0EB42DE96E
:100A3000F04382B009AF57F8046B0197002800F02B
:100A400081800546AE4638464FF00008C6F10109E0
:100A500050F8041B0B784BB10B46C1F1010C03EBB2
:100A60000C0413F8012F002AF9D134BBBEF1010E9A
:100A7000EED10121019008EB010000F09DFA8046C3
:100A8000002867D00197BE464FF00009C8F1010C5D
:100A90005EF8040B077847B10346C0F10104E11882
:100AA00013F8012F002AFAD1E9B9013DF0D14046EF
:100AB00002B0BDE8F04303B0704701EB0C0211F83F
:100AC000013F002BF9D1BEF1010F9044D1D0337812
:100AD000002BCBD0334609EB030113F8012F002A7A
:100AE000F9D18844C2E798F800303BB342460CEB9A
:100AF000020312F8011F0029F9D1434403F8017BD6
:100B000010F8017F002FF9D1012D1F70CFD098F878
:100B10000030ABB142460CEB020312F8011F002972
:100B2000F9D14344327832B1314603F8012B11F840
:100B3000012F002AF9D183F80090B6E74346DDE79C
:100B40004346EFE70121084600F036FA804608B137
:100B50000197ACE74FF00008A9E700BF30B50022CD
:100B600091B0CDE90422CDE90622CDE90822CDE9F4
:100B70000A22CDE90C22CDE90E22744B74491A6C7D
:100B800042F400421A641A6C02F400420292029A81
:100B90001A6B42F002021A631A6B02F0020201920F
:100BA000019A1A6B42F001021A631A6B02F00102F9
:100BB0000092009AD1F8042842F48002C1F8042877
:100BC0005968644A21F03F0141F019015960D3F896
:100BD00084100A4042F0005242F49742C3F8842045
:100BE0001A6842F080621A601A68110103D400BFCB
:100BF0001A681201FBD5554C5748A36823F400032B
:100C0000A36028220223CDE90A2300250323CDE98E
:100C10000C350DEB020106230022CDE90E23F3F77C
:100C2000F9F84FF400430AA94C480A93F3F7F2F895
:100C3000236B4B4A43F400132363236B03F4001329
:100C40000393039BD368C3F30223C3F107011A1D67
:100C5000042928BF0421062A4FF0FF3202FA01F2CC
:100C60006FEA020288BFDD1E02F00102AA403D4980
:100C70003D4B1201D2B24FF4803081F8102308604E
:100C8000D3F88820394822F06062C3F88820D3F86E
:100C9000882022F0C00242F04002C3F88820D3F836
:100CA000882022F4403242F40032C3F88820D3F87E
:100CB000882022F4907242F48072C3F88820D3F81E
:100CC000882022F40072C3F88820D3F8882042F4E8
:100CD0008062C3F88820D3F8882022F4C05242F4FE
:100CE0000062C3F88820D3F8882022F4C04242F47E
:100CF0000052C3F88820D3F89C2042F00402C3F8C5
:100D00009C20D3F89C2042F00302C3F89C20D3F827
:100D1000882022F0C07242F08072C3F88820D3F895
:100D2000882022F4C0020024C3F888204FF4007504
:100D30004AF64442002304A9CDE90823CDE904542E
:100D4000CDE90644F3F776F911B030BD0038024022
:100D5000003002403F80FF8F00040240000002404C
:100D600000ED00E000E100E000600240003C0040D7
:100D700070B58E4606462A492A488D5CF16941F4D1
:100D80004061F16103C882B002AC04E903005EF87F
:100D9000051021F001014EF805105EF80510032A38
:100DA0008CBF0EF10C000EF10800CC070EEB050C09
:100DB00004D500BFDCF80040E107FAD408326A44E9
:100DC0000C3612F8081C3F228A40026056F8082CA4
:100DD00042F0020246F8082C5EF8052022F4802238
:100DE00022F006024EF80520DCF8142022F08002E2
:100DF000CCF814205EF8052042F018024EF80520C9
:100E0000CCF80860CCF80C30069BCCF804305EF8C7
:100E1000053043F001034EF8053002B070BD00BF4D
:100E2000E0920108F01401081A4B30B59C5C0B46A7
:100E300001EB040C1849864603C983B002AD05E9ED
:100E40000300DEF8041021F00201CEF80410195955
:100E500021F001011951032A8CBF03F10C0003F1A9
:100E600008001B59D90704D500BFDCF80030DB07A8
:100E7000FAD402F108030DEB03023F2312F8082C09
:100E800093400360DEF81C3023F48063CEF81C30FE
:100E900003B030BDE0920108F0140108F0B5AFB026
:100EA00000230D4607463E49164606A8A022CDE976
:100EB0000033CDE90233CDE9043300F047FAB5F54C
:100EC000FA5F1CD0B5F57A5F5ED045F222639D4291
:100ED0005CD0B5F5FA4F5BD04AF644439D4259D0F9
:100EE0004BF680339D4257D02E4B9D4256D02E4B11
:100EF0009D4208BF29AB03D001202FB0F0BD06AB47
:100F0000012E94BFD3E90104D3E903040028F3D0F0
:100F1000FB69264923F48063FB61254B1A6822F0A4
:100F200080621A60D1F8042842F48002C1F80428D3
:100F30005A68204922F03F0242F019025A60D3F861
:100F400084201140214341EA80114FF08062C3F8B0
:100F500084101A601A68110103D400BF1C682201B2
:100F6000FBD50023039305934FF4007200236946D9
:100F70003846CDE9002302960495F3F75BF8003874
:100F800018BF01202FB0F0BD0BABB9E710ABB7E72E
:100F900015ABB5E71AABB3E71FABB1E724ABAFE7CF
:100FA000F81401080077010000EE02000030024052
:100FB000003802403F80FF8F024B0A460146186806
:100FC00000F002B8F400002037B5A1FB02244CB9B0
:100FD0001146019200F03EF8019A054630B92846C4
:100FE00003B030BD0C2202600025F8E7214600F076
:100FF00053F9F4E7024B0146186800F02BB800BF24
:10100000F4000020024B0146186800F0ADB900BFA3
:10101000F400002070B50E4E0C463168054611B93B
:1010200000F058F930602146284600F053F9431C7F
:101030000AD0C41C24F00304A04207D0211A284679
:1010400000F048F9013001D14FF0FF34204670BD67
:10105000D03400202DE9F843CD1C25F003050835D8
:101060000C2D38BF0C25002D074601DBA94205D900
:101070000C233B6000263046BDE8F883DFF8D080C3
:1010800000F068F8D8F800301C465CBB29463846AA
:10109000FFF7C0FF431C044655D1D8F80040264650
:1010A000002E45D1002C48D023683146384604EB49
:1010B000030900F00FF981453FD121686D1A2946D7
:1010C0003846FFF7A7FF013037D023682B44236051
:1010D000D8F80030002B38D05A68A2422BD1002219
:1010E0005A600FE02268521B1FD40B2A17D96119CE
:1010F000A342256018BF5960636808BFC8F8001094
:1011000062514B60384604F10B0600F029F826F0D6
:101110000706231DF21AAED09B1BA350ABE7A342D8
:101120006268DDD1C8F80020ECE723466468ACE7CC
:1011300034467668B4E71346CCE70C233B60384668
:1011400000F00EF897E72560DCE75B60FFDE00BF8C
:10115000CC340020014800F0F7B800BF1036002062
:10116000014800F0F2B800BF10360020024B0A46DA
:101170000146186800F002B8F40000202DE9F041A3
:10118000804614460E4621B9BDE8F0411146FFF7EE
:1011900061BF2AB900F0E8F825462846BDE8F0818D
:1011A00000F02EF98442074602D8B4EB500F12D853
:1011B00021464046FFF74EFF05460028EDD0BC42D1
:1011C0002246314628BF3A4600F0C0F83146404634
:1011D00000F0CAF8E1E73546DFE70000F0B51F4C44
:1011E0008BB005460B466E4604F1200C2068616802
:1011F000374603C7083464453E46F7D12179397133
:10120000911E2068386022294FF0000104D919701E
:101210000B4618460BB0F0BD581E8446B5FBF2F7DE
:1012200002FB175628366E440C4616F8286C0CF84C
:10123000016F2E46B24201F101013D46EED9002276
:101240005A541919A51AAA42E3DA10F8015F0E7868
:101250000670013201F80159F4E700BFE892010875
:10126000FFF7BCBF884210B501EB020402D98442EB
:10127000234607D8431EA14208D011F8012B03F8DA
:10128000012FF8E7024401468A4200D110BD13F84D
:10129000014D02F8014DF7E702440346934200D1A5
:1012A000704703F8011BF9E70A7870B56AB970BD99
:1012B0009A4209D10C46054614F8013F002BF6D09E
:1012C00015F8016F9E42F7D001300378002BEFD163
:1012D0001846ECE738B5064D0023044608462B6057
:1012E000F1F774FE431C02D12B6803B1236038BDB3
:1012F0000C360020014B1868704700BFF400002036
:1013000070B50D4D0D4C641BA4100026A64209D1EA
:101310000B4D0C4C00F07CF8641BA4100026A64278
:1013200005D170BD55F8043B98470136EEE755F8F6
:10133000043B98470136F2E7189301081893010817
:10134000189301081C930108704770470A449142A2
:1013500000F1FF3300D1704710B511F8014B03F8CD
:10136000014F9142F9D110BD37B5002944D051F851
:10137000043C0190002BA1F10404B8BFE418FFF76E
:10138000E9FE1E4A0198136833B96360146003B024
:10139000BDE83040FFF7E4BEA34208D925686119D3
:1013A0008B4201BF19685B6849192160EDE71A4655
:1013B0005B680BB1A342FAD911685518A5420BD14D
:1013C000246821445418A3421160E0D11C685B6872
:1013D00053600C441460DAE702D90C230360D6E7AB
:1013E000256861198B4204BF19685B68636004BF9C
:1013F000491921605460CAE703B030BDCC340020E5
:1014000051F8043C181F002BBCBF0B58C018704784
:10141000F8B500BFF8BC08BC9E467047F8B500BFE1
:08142000F8BC08BC9E467047B1
:10142800436F72652073706565642C204D487A3A65
:101438002020200000000000000000000000000044
:101448000000000000000000000000000000000094
:10145800000000004465636F64696E672074696DFD
:10146800652C206D733A2000000000000000000089
:101478000000000000000000000000000000000064
:10148800000000000000000044AC80BB007D225634
:10149800C05D803E112BE02E401F000080018004BB
:1014A8008004800180044002800180044002000022
:1014B80000040040010000000000000000004B0094
:1014C80000FFFF00FFFFFF0000000000B19B31009C
:1014D800B19B3100B19B3100D3D3D300D3D3D30018
:1014E800B19B31000100000000061016000610161E
:1014F800401F0000C000000000000020C0000000E5
:1015080000000030803E0000C000000000000030F5
:101518000001000000000020225600002201000007
:10152800000000302E01000000000020007D0000B7
:101538000001000000000020000100000000005031
:1015480044AC00002E01000000000020AD010000A6
:101558000000004080BB0000C000000000000050F8
:1015680080010000000000500077010080010000A9
:1015780000000050A80100000000003000EE02004A
:10158800A801000000000030020100000000003047
:1015980020436F6C6F757265640000004772617953
:1015A8007363616C650000002F000000436F6C6F6F
:1015B80072206D6F64653A20200000004D757465D7
:1015C80000000000286329566164526F762020418C
:1015D800564920506C6179657200000053544D33B0
:1015E800322041564920506C617965720000000034
:1015F8002843293230323320566164526F76000016
:10160800FFD8FFE000104A4649460001020000608A
:1016180000600000FFFE000F4C61766335392E37FD
:101628002E31303300FFDB00430008141417141761
:101638001B1B1B1B1B1B201E2021212120202020BF
:101648002121212424242A2A2A242424212124244F
:1016580028282A2A2E2F2E2B2B2A2B2F2F323232B4
:101668003C3C3939464648565667FFC4007A000163
:101678000101010101010100000000000000000457
:101688000305020100060701000301010100000033
:101698000000000000000000020403010005100122
:1016A8000100020102040603000301010100000019
:1016B800010211F021123171410391D1F16181517F
:1016C800E1C1A1220413B13272110101010101002B
:1016D80002030101000000000000000111021231A4
:1016E800032171510422FFC000110800F0014003DA
:1016F800012200021100031100FFDA000C030100AF
:1017080002110311003F00FE28A47CE8D135A2D1C4
:10171800184288D77A523D74349DC5E385E093AB6F
:10172800AB23ED2B065DDAF23C2641A15EC8B48FEF
:10173800643BDBC7FC1A36A98604F3D14270F6EE87
:1017480077F527AFF5E622A2E1EDDF72EBE36FFF55
:10175800001B7DB8E135279DE9D57E98CD4F4E75A4
:10176800A06558C4F2CB7CA0522B9D0801E93D1D11
:10177800A7DD96FDBCF9B70997623DB6B77B319FE7
:101788007E7E87CAB14D635C24F5E798B4FA1D09DB
:1017980088051A9B45A03302A3D368B535E0889421
:1017A800801719025102C3A44249A8826B26151159
:1017B80070AB908CD55C455441E131C3B8A2654704
:1017C8007A73091A0F0988C2A788D3A41123CD7583
:1017D80022450AEBD90C91F4854C4656D738E3BA22
:1017E800D7935E8F31C751A1EDFB7DFF00FF00331A
:1017F800D445BE5C7B7EDF7F97EFFA8D7FFF003399
:10180800535D14B753501B422F84F2A310EE636844
:1018180093174EFB2DFB7C5A3DB27F2F98DC17B6F1
:101828004FBF9FF52747155B50AD60B933F2685E2F
:10183800788B673A35CCDB03BCD352CE750EC09893
:101848008CDA2D6851280D4068D4DA3509881D1EB8
:10185800974749782D4695500AA3244249AC826B94
:10186800A601A09AE9854322F07844510594D3C88B
:10187800BC5517B89B05D1B88D1AFA42717DAEAB2D
:10188800E31442D2B5D4B91CEBA9F8CE75193B556F
:10189800C713F0C7D5F638EFFBF935F0C3BAFEBE6B
:1018A800E32AE30F6EE57D649E37FA8D6BD26A7A80
:1018B80029D24D787EBE741B402F84AD7325FBAFB3
:1018C80031D93E1E139FBEA20E2330FDF5FB7D5677
:1018D8007DCEAF023709ABCF179A6B06475CFE4D3A
:1018E800D25A6801B3EDCF21E9FAE751EB40CCB009
:1018F8003AD5A15821C65D8159CEAD3A1D4CDC6759
:101908005169D46B00660147A7583D89AF03A81BEE
:10191800622058448A482A8AE09480A0C910901509
:101928002A29A4888A2355864426899142F579155F
:10193800C7A57589BDBB50B5AEBB773C9693AADEEB
:10194800DCF4A4CC357CAA856D5B5FF268611C5C15
:101958007ADF36B7B785DF3E2A13B4AF6F0B7A3715
:10196800A4ED9CF8B9C71984D29AFDA56A9267ECD0
:101978005BBAF35AFB93FE20E73972F9D082E5D3BC
:10198800A76C1387CA3D6350D2379E25E936842B4E
:10199800CF98D5A145BCD8D267581D8D2A1D10599E
:1019A800760579F46950E8578CEA2D68582D80350A
:1019B80000B07A7D8858131281A4B47692D014D0DE
:1019C8001236C434058344BA850AD04A89350A9246
:1019D800ABC2621098A274886E22C87631585A97A2
:1019E8008C9E4D3C66BC7E2162D8C16843AA5CF6D9
:1019F800F7D678F3A34BFF003DEAFEFF00A27D9CDB
:101A08007F0FD861FF005BBB1BAF5F4FBFEE798ACA
:101A1800DF24A4BDDFC3F25FF9FF00CAF9FF006F3E
:101A2800D27B7EDF6CFBF3A3530FFAF776D9EABEBD
:101A380053485EFF0086B9FAAF3F9A0EB485BCFAE8
:101A4800A968DBE74746572E1D73D5F288B974FBA2
:101A5800E2E9CD7DA51F69D804F1E7C5D3E60D27D6
:101A68000B69C0C02D83D3343D1A540B3CBE21D61C
:101A7800950EF3EA3459B7F01D69516B84CCB07BED
:101A88001A760D6057959B67923634F4858C5E56AE
:101A98006E91B1A36216056D675835685128168096
:101AA80051A9B44A91982D1E9346A9188442A09032
:101AB800C9144E971A18898B4715613A6E3B6CE129
:101AC800B65E2D8C3ADF92F1E6F6FD37B3F9FF00EA
:101AD8001FD1FD9BFF0018FC1FB1EDFEF9FCBF6391
:101AE8008E5A2FF62FFE7FF9DAD6CF29A7E7B3D281
:101AF800F966CCB923CF26BECEFD38D25A55C98750
:101B08009C9EBCBE2FB4E9D09AE1D73D3FA51D737A
:101B1800EAC163874EB5E4F75E7CFC004F1F3A7C50
:101B2800C6A7A70B3868501E9562355468367E03E1
:101B3800D3428B54428160B6342C404003B50B8F9E
:101B480039D1A1AF24B4C133FB79FCA17169687B99
:101B58001CAEB36C16C6950B20188CDA153F20689E
:101B68000DC0A894CA1D44D4128D4AA2D4699854B1
:101B78003710A1D8A912A762D1C40C5B3EDE173A70
:101B88006211E8CC31B6F47EA7DAC263F7BCE81676
:101B98001263353F3FCBF43ED63A9DD7D7C3F3EB1C
:101BA800F955E5DBEBF4D8F6E76CFE55EF0EE5A149
:101BB8007B93C1FAC68773D03654ADC66AD2BAE7EA
:101BC800D527C11A8E9CBA08DD7F9E6E9CFF008EB9
:101BD800C237AF5F3D089EBC7CF9CD79CF572EDC6C
:101BE8003589F3951ABF3D5212744A2D3A8D562FF6
:101BF80042B12B39D4AD25A1A22E92D7997AE7C943
:101C08002E7835C2D9CEA256850F26359B933F2E06
:101C1800756965CE8CEC826B9675069D901533D0F0
:101C28003A252A89513706A2D268D53A66190EC4D0
:101C380008D6F6F1DF973C070BF4D0F6B0EEBF6E8E
:101C4800748FD4E1D26A3230E8D1C77959275B4D15
:101C58004793DFE5BDECE1DF7ED3C7FA8FD203847B
:101C6800ECC6633EBFBAA659089B9CB24A0F6BA844
:101C7800348D84CBCE8CFF00F17801B437B7BCFA31
:101C88008B2BB0ABA4ADB1655A0148BC769A89AC30
:101C9800E9EF3D5F3D08DEBC78F5CE78E5D3C73186
:101CA80034BE2AA5469A346A451958854125921AA0
:101CB80029F3D391C55B9CFDA2D60F79FC0191D580
:101CC8009F957399F933B2E7D4FCAB37209DE42C88
:101CD800B9E20536D06A54EC12894AA2548D41E81B
:101CE800B57A3546998D3C26DB78B2653655E14E96
:101CF8009AF2BF5DFF005B0ED9DF7C6F8797EFF22A
:101D0800FC8FB38F7E5D7C278FC9FB3EE311E57D99
:101D18009FC6C770F9643F7741EE4A112364406556
:101D2800263985F3D1D6D075CE48E715B5E5DF203D
:101D38002B4AC1192930284402D0B8B0D164978BF6
:101D4800BA49DED355D3D72F5CD78E1D38731CA55F
:101D58005DA7554D21EAD51BCF90D0A8F3C220AD81
:101D6800E73F490D34D3BF1507BCF16811BCF167D3
:101D7800E5F9FC1993372E570E05933A99901900F7
:101D8800EF21D0697905513906A2D2289533507AC6
:101D98002AD46A8998D694B8CD8D9F6675DFEBC131
:101DA800685FA7EA7DA9FF009E3AF8B431CBD587D2
:101DB800DC74BD0D3C6EA35BB9CEC1DBA9448E3487
:101DC800F13F165E34F824296F9374E028A41D4768
:101DD80034D9489CE7A85088111CB0739B2226BCB4
:101DE8002151944D65B6E917A11BB4DD38685E270B
:101DF8005DA54604E8D56A3D511A95BCFAA2EEA342
:101E0800B1A2E11E69DD1EFE79F66B10CB9E0CDCDB
:101E18008CACFC98B40F267D2F20724CF41320A9AB
:101E2800542A89C83D0E9343A99A8851AAD46A8135
:101E380098D0C7ADD3F438DD4D30FDBFD9FB5E1364
:101E4800E9B18DEAD0958D81DB304AC3F64C664AFC
:101E58006E2242C6B634EC5938D3F1AA13AD18EF46
:101E6800E03C5DA83A76E1F398411285CE8B4E7836
:101E7800B0464ABCA1ED5DB05A7EFCDD6C2DADB01C
:101E88002BA56DEEC6DBEDF3EAC1692F77CE836D26
:101E9800F39DAB24E768D6875F5E7D47B79D1E8FAD
:101EA80068D27D52DBC70D038A2D5AF3C05C9AD1E4
:101EB8007267E54ACB9CF467E5406B983E40522830
:101EC800540760F44ABDA2544D41E8749A25469AD5
:101ED80083D1D6A3A46636255A025E0AC2D5B117A5
:101EE800D83B75B5CAE34E53B1ACA94EC6A85EC679
:101EF800B43F1AC8C4FC6F3F9508D8D584CE7D5925
:101F0800D29832B487A9BD7054E7ABBE73F683D7B5
:101F180038DDF3AA9BF3065576E7192BBD85BF2F4D
:101F2800F5D6D8D39EEC2DBDDF3AB1BA6EDCF707F3
:101F3800B73DCE769BDDCF9A57213B93B97DDAE545
:101F4800ED4763F73CEE6B0873CF045CB9CFAD0F78
:101F58002AB502D62910CA83955F2A0DA03910A187
:101F680055ED0EA66E2145ABD12A4662144A451698
:101F7800A34CC42A0B5452310B68E2CDC7C4F522D6
:101F880014ADA9283B5E5551C69C3A564C3A550BA0
:101F980058D694FC6B2253A5589D8D794B9593295F
:101FA800728CA58D2DF3ABDE7A09B77B1224BED8CF
:101FB800FB7DBE757308DBAD89B79B70B0FDF2BDC4
:101FC800DF903DCFBBB9D1C1C3FB9E7701DCF3BB2A
:101FD8009D58EC37B93EF67F7257270F1A3DC977DF
:101FE80033FB9CF773A307E5A3DCF36CFDBBEE732F
:101FF800B1A5B7BB07B9D7773E6D0E29950ADE7C28
:10200800DD5A1D0AB22742B56B43B40722368955FB
:10201800A2D48D44A8D56A354CC4468B57A3D48C1A
:10202800442A2AD4535A1B81284E8F868ADB5E04A1
:10203800441029F2992B32172AA5EC6ACA74AC7994
:102048004D9552B635A6454AC99911DCA16B1A9D22
:10205800CAED97B77DDE424BCB4F6FB6CFEE75DC3E
:10206800E0F9377CFA38D89DCE36E761DDDCE8F355
:1020780060773EEE70BC9DB4FB82EE716B05E4BEEA
:10208800E4BB84B53DB07867739EE0F6F36C1E1F21
:10209800B77B67EDDEDCCC69F73ADF3E6CFDBAD87A
:1020A80093C26D1ED71B42D60E47943AA5A354CCB3
:1020B8004895A35528F53311342A950A05E2546A40
:1020C800B51EA4BC46A4A229AD1A29BEA90D35D6B1
:1020D800195730C84CA0C5A5510AD094B959929344
:1020E8002AA858D3992FB65ED5D8F50C696DDF7339
:1020F8003BB9EF70B438D2EE75DCCDEE7BDCD0F9AD
:1021080068F739EEE7CC2EE73DCE7619B7DB0B6FD3
:1021180036C6E1DB4F636DCEDCEC236E3686DC6CB5
:1021280023C236FB62EDF6DC2C2B6EF616DEEDCE06
:10213800C3F6EF606DD6C49E19B4ED1F6E3616E374
:10214800AB50DBEDA01571F0F5D2215638A83BA8AD
:1021580054978E28F54400B47092A9D4D78FFFD92C
:1021680008160108600B0000802101082800000003
:102178002800000001000000FFFFFFFFFFFFFFFF36
:10218800FFFFFFFFFFFFFFFFFFFFFFFFFFFFFFFF57
:10219800FFFFFFFFFFFFFFFFFFFFBEF73CE71CE766
:1021A8001CE77DEFFFFFFFFFFFFFFFFFFFFFFFFFC4
:1021B800FFFFFFFFFFFFFFFFFFFFFFFFFFFFFFFF27
:1021C800FFFFFFFFFFFFFFFFFFFFFFFFFFFFFFFF17
:1021D800FFFFFFFFFFFFFFFFFFFFFFFFFFFFFFFF07
:1021E800FFFFFFFFBAD6F39C1084EF7B1084308486
:1021F8003084EF7BEF7B718C18C6DFFFFFFFFFFF9A
:10220800FFFFFFFFFFFFFFFFFFFFFFFFFFFFFFFFD6
:10221800FFFFFFFFFFFFFFFFFFFFFFFFFFFFFFFFC6
:10222800FFFFFFFFFFFFFFFFFFFFFFFFFFFFFFFFB6
:1022380018C6AE73EF7BB6B51CE7DFFFFFFFFFFFE5
:10224800FFFFFFFF7DEF38C6718C6D6B75ADFFFF2B
:10225800FFFFFFFFFFFFFFFFFFFFFFFFFFFFFFFF86
:10226800FFFFFFFFFFFFFFFFFFFFFFFFFFFFFFFF76
:10227800FFFFFFFFFFFFFFFFFFFFFFFF5DEFCF7BCC
:102288001084FBDEFFFFFFFFFFFFFFFFFFFFFFFFE5
:10229800DFFFFFFFFFFFFFFFFFFF7DEF92948E73CD
:1022A8001CE7FFFFFFFFFFFFFFFFFFFFFFFFFFFF31
:1022B800FFFFFFFFFFFFFFFFFFFFFFFFFFFFFFFF26
:1022C800FFFFFFFFFFFFFFFFFFFF9AD60C6318C653
:1022D800FFFFFFFFFFFFFFFFFFFFFFFFFFFFFFFF06
:1022E800FFFFFFFFDFFF5DEFDFFFFFFFFFFF79CE9F
:1022F8002C639AD6FFFFFFFFFFFFFFFFFFFFFFFFE3
:10230800FFFFFFFFFFFFFFFFFFFFFFFFFFFFFFFFD5
:10231800FFFFFFFFFFFFFFFF79CE0C633CE7FFFFE6
:10232800DFFFFFFFFFFFFFFFFFFFFFFFFFFFFBDEFA
:1023380055ADFFFFD39C4D6BCF7B96B5FFFFFFFFDD
:102348003CE72C63DBDEFFFFFFFFFFFFFFFFFFFF24
:10235800FFFFFFFFFFFFFFFFFFFFFFFFFFFFFFFF85
:10236800FFFFFFFFFFFFFBDE0C633CE7FFFFFFFF04
:10237800FFFFFFFFFFFFFFFFFFFFFFFFD7BDAE73AC
:10238800EF7BAE732C63DFFF38C6AE73FFFF9AD6C0
:10239800FFFFDBDE6D6BBEF7FFFFFFFFFFFFFFFFF9
:1023A800FFFFFFFFFFFFFFFFFFFFFFFFFFFFFFFF35
:1023B800FFFFFFFFFFFF6D6B79CEFFFFDFFFFFFF22
:1023C800FFFFFFFFFFFFFFFFFFFFFFFF2C63DBDEC9
:1023D800FFFF38C65DEFFFFF7DEFAE73AE73EB5ABC
:1023E800F7BDFFFF34A5B294FFFFFFFFFFFFFFFF1C
:1023F800FFFFFFFFFFFFFFFFFFFFFFFFFFFFFFFFE5
:10240800FFFFFFFF14A59294FFFFDFFFFFFFBEF75A
:102418005DEFFFFFFFFFFFFFDFFFDFFF718C14A5FC
:10242800FFFF38C6518C3084F7BDBEF73CE79EF7F6
:102438002C637DEFFFFF8E733CE7FFFFFFFFFFFF7D
:10244800FFFFFFFFFFFFFFFFFFFFFFFFFFFFFFFF94
:10245800FFFF9EF74D6B9EF7FFFF7DEF1CE7AE7306
:10246800EB5A75AD18C6FFFFD7BD0C63CF7BBEF71F
:10247800D39CCF7BBAD6DBDEEF7B9294FFFF38C6C6
:10248800AE737DEFFFFF55AD14A5FFFFFFFFFFFF04
:10249800FFFFFFFFFFFFFFFFFFFFFFFFFFFFFFFF44
:1024A800FFFF55ADD39CFFFF3CE7CF7BEB5A14A54C
:1024B8007DEF8E73AE73D39C518C9AD6FFFFBAD63C
:1024C800AE73FFFFFFFFFFFFFFFF8E733CE7308413
:1024D80014A5FFFFFFFF3CE7EF7BFFFFFFFFFFFFB8
:1024E800FFFFFFFFFFFFFFFFFFFFFFFFFFFFFFFFF4
:1024F800FFFFCF7BFBDEFFFF38C68E73FFFF96B56D
:102508003084DBDE9AD62C63EF7B9294FFFF96B57E
:1025180014A5FFFFDFFFDFFFFFFF14A5B6B57DEFB2
:102528008E73518CFFFFFFFFEF7B3CE7FFFFFFFF40
:10253800FFFFFFFFFFFFFFFFFFFFFFFFFFFFFFFFA3
:102548001CE7CF7BFFFFFFFF9294518CD7BDEF7B39
:102558009AD68E7359CE718C30849294B294BAD62E
:102568001084FFFFFFFFFFFFFFFF308438C6FFFF27
:10257800DBDEEF7BFFFFFFFF929438C6FFFFFFFF14
:10258800FFFFFFFFFFFFFFFFFFFFFFFFFFFFFFFF53
:10259800D7BDB294FFFF5DEFAA52FFFF718CB6B5AD
:1025A800FFFF518CD7BD18C6AE73D39C14A5FFFF8F
:1025B800AE7314A5FFFFFFFF14A5CF7BFFFFF39CAD
:1025C8004D6B14A5FFFFFFFF34A596B5FFFFFFFF76
:1025D800FFFFFFFFFFFFFFFFFFFFFFFFFFFFFFFF03
:1025E800F39CB6B5FFFFFFFF14A56D6BDBDEAE7382
:1025F8001084518C1CE7CB5A18C60C63DFFFFFFF11
:10260800BEF79294AE73CF7B9294FFFF55ADEF7BEC
:1026180079CE9EF7FFFFFFFF96B534A5FFFFFFFFBA
:10262800FFFFFFFFFFFFFFFFFFFFFFFFFFFFFFFFB2
:10263800B294F7BDFFFFFFFF5DEF0C63FBDE59CEE1
:10264800DBDE59CED7BD4D6BDFFF96B51084EF7B2F
:10265800718CFFFFDFFFBEF77DEFFFFF9AD6AE73E9
:10266800FFFFFFFFFFFFFFFF96B514A5FFFFFFFF6A
:10267800FFFFFFFFFFFFFFFFFFFFFFFFFFFFFFFF62
:1026880075ADD39CFFFFDFFFFFFFF39C4D6B0C6321
:10269800D7BD0C631084B6B5518C10848E7338C6C0
:1026A800AE739AD6FFFFEF7BEB5A55AD518C9294DF
:1026B800FFFFFFFFFFFFFFFF75AD55ADFFFFFFFFFA
:1026C800FFFFFFFFFFFFFFFFFFFFFFFFFFFFFFFF12
:1026D8007DEF8E73DFFFFFFFFFFFDFFFFFFF79CE88
:1026E800CF7B59CEF7BDCB5A718C75AD6D6BEF7B37
:1026F800518CEF7BEF7B3084FFFFEF7BB6B5FFFF9C
:10270800FFFFFFFFFFFFFFFFF39CB6B5FFFFFFFFD3
:10271800FFFFFFFFFFFFFFFFFFFFFFFFFFFFDFFFE1
:10272800FFFFEF7B9AD6FFFFFFFFFFFFFFFFFFFFD3
:10273800FFFFBEF7AA5259CE1CE7D7BDFFFF0C63B7
:1027480034A53CE7F7BD7DEFFFFFFFFFFFFFFFFF6D
:10275800FFFFFFFFFFFFFFFF518C59CEFFFFFFFF79
:10276800FFFFFFFFFFFFFFFFFFFFFFFFFFFFFFFF71
:102778009AD66D6BDFFFFFFFFFFFFFFFFFFFFFFF35
:10278800FFFF38C64D6B1CE7EF7B3084D39C5DEFB1
:102798008A525DEFFFFFFFFFFFFFFFFFFFFFFFFF15
:1027A800FFFFFFFFFFFFFFFFAE735DEFFFFFFFFFC0
:1027B800FFFFFFFFFFFFFFFFFFFFFFFFFFFF7DEFB3
:1027C8002C63DBDEFFFFFFFFFFFFFFFFFFFFFFFFC5
:1027D800FFFF14A5AE739EF7EF7BEF7B96B5B6B5FA
:1027E8008E73DFFFFFFFFFFFFFFFFFFFFFFFFFFF0E
:1027F800FFFFFFFFFFFF79CEEF7BFFFFFFFFFFFF2C
:10280800FFFFFFFFFFFFFFFFFFFFFFFFFFFF8E73CD
:10281800D7BDFFFFFFFFFFFFFFFFFFFFFFFFFFFF2A
:10282800FFFFFFFF0C6355AD9EF759CE7DEF108477
:10283800518CFFFFFFFFFFFFFFFFFFFFFFFFFFFFC1
:10284800FFFFFFFFFFFFCF7B38C6FFFFFFFFFFFF44
:10285800FFFFFFFFFFFFFFFFFFFFFFFFB294B294F0
:10286800FFFFDFFFFFFFFFFFFFFFFFFFFFFFFFFF90
:10287800FFFFFFFFB6B5EB5A2C6396B5CB5A8E73A4
:10288800FBDEFFFFFFFFFFFFFFFFFFFFFFFFFFFF75
:10289800FFFFFFFF38C6CF7BFFFFFFFFFFFFFFFFF4
:1028A800FFFFFFFFFFFFFFFFFFFFBEF72C63BEF731
:1028B800FFFFFFFFFFFFFFFFFFFFFFFFFFFFFFFF20
:1028C800FFFFFFFFFFFFFBDE38C68E73F7BDFFFF7C
:1028D800FFFFFFFFFFFFFFFFFFFFFFFFFFFFFFFF00
:1028E800FFFFFFFFAE739AD6FFFFFFFFFFFFFFFF5B
:1028F800FFFFFFFFFFFFFFFFFFFFFFFF9294108422
:10290800D7BD3CE7FFFFFFFFFFFFFFFFFFFFFFFF14
:10291800FFFFFFFFFFFFFFFFFFFFFFFFFFFFFFFFBF
:10292800FFFFFFFFFFFFFFFFFFFFFFFFFFFFFFFFAF
:10293800FFFFBAD6EF7BFFFFFFFFFFFFFFFFFFFFA1
:10294800FFFFFFFFFFFFFFFFFFFFFFFFDFFF18C6CF
:10295800F39C0C637DEFFFFFFFFFFFFFFFFFFFFF0F
:10296800FFFFFFFFFFFFFFFFFFFFFFFFFFFFFFFF6F
:10297800FFFFFFFFFFFFFFFFFFFFFFFFFFFFFFFF5F
:10298800FFFF34A555ADFFFFFFFFFFFFFFFFFFFF70
:10299800FFFFFFFFFFFFFFFFFFFFFFFFFFFFFFFF3F
:1029A8007DEFCF7BDFFFFFFFFFFFFFFFFFFFFFFF95
:1029B800FFFFFFFFFFFFFFFFFFFFFFFFFFFFFFFF1F
:1029C800FFFFFFFFFFFFFFFFFFFFFFFFFFFFFFFF0F
:1029D800FFFF929438C6FFFFFFFFFFFFFFFFFFFFD7
:1029E800FFFFFFFFFFFFFFFFFFFFFFFFFFFFFFFFEF
:1029F8009294D39CFFFFFFFFFFFFFFFFFFFFFFFF46
:102A0800FFFFFFFFFFFFFFFFFFFFFFFFFFFFFFFFCE
:102A1800FFFFFFFFFFFFFFFFFFFFFFFFFFFFFFFFBE
:102A2800FFFF718C79CEFFFFFFFFFFFFFFFFFFFF66
:102A3800FFFFFFFFFFFFFFFFFFFFFFFFFFFFFFFF9E
:102A48005DEFCB5ABAD6FFFFFFFFFFFFFFFFFFFF87
:102A5800FFFFFFFFFFFFFFFFFFFFFFFFFFFFFFFF7E
:102A6800FFFFFFFFFFFFFFFFFFFFFFFFFFFFFFFF6E
:102A7800FFFF929438C6FFFFFFFFFFFFFFFFFFFF36
:102A8800FFFFFFFFFFFFFFFFFFFFFFFFFFFFFFFF4E
:102A9800DBDE2C63FFFFFFFFFFFFFFFFFFFFFFFFF2
:102AA800FFFFFFFFFFFFFFFFFFFFFFFFFFFFFFFF2E
:102AB800FFFFFFFFFFFFFFFFFFFFFFFFFFFFFFFF1E
:102AC800FFFFB29418C6FFFFFFFFFFFFFFFFFFFFE6
:102AD800FFFFFFFFFFFFFFFFFFFFFFFFFFFFFFFFFE
:102AE800FFFF518C75ADFFFFFFFFFFFFFFFFFFFFEB
:102AF800FFFFFFFFFFFFFFFFFFFFFFFFFFFFFFFFDE
:102B0800FFFFFFFFFFFFFFFFFFFFFFFFFFFFFFFFCD
:102B1800FFFFF39CD7BDFFFFFFFFFFFFFFFFFFFF96
:102B2800FFFFFFFFFFFFFFFFFFFFFFFFFFFFFFFFAD
:102B3800FFFFF7BD9294FFFFFFFFFFFFFFFFFFFFBF
:102B4800FFFFFFFFFFFFFFFFFFFFFFFFFFFFFFFF8D
:102B5800FFFFFFFFFFFFFFFFFFFFFFFFFFFFFFFF7D
:102B6800FFFF34A575ADFFFFFFFFFFFFFFFFFFFF6E
:102B7800FFFFFFFFFFFFFFFFFFFFFFFFFFFFFFFF5D
:102B8800FFFF96B5F39CFFFFFFFFFFFFFFFFFFFF6F
:102B9800FFFFFFFFFFFFFFFFFFFFFFFFFFFFFFFF3D
:102BA800FFFFFFFFFFFFFFFFFFFFFFFFFFFFFFFF2D
:102BB800FFFF96B514A5FFFFFFFFFFFFFFFFFFFF15
:102BC800FFFFFFFFFFFFFFFFFFFFFFFFFFFFFFFF0D
:102BD800FFFF7DEF2C6379CEFFFFFFFFDFFF5DEF87
:102BE8009AD696B51084F7BDFFFFFFFFFFFFFFFFE2
:102BF800FFFFFFFFFFFFFFFFFFFFFFFFFFFFFFFFDD
:102C0800FFFF18C6B294FFFFFFFFFFFFFFFFFFFFA4
:102C1800FFFFFFFFFFFFFFFFFFFFFFFFFFFFFFFFBC
:102C2800FFFFFFFFDBDECF7BCF7BEF7BCF7BEF7B35
:102C3800308475ADB294518CFFFFFFFFFFFFFFFF9B
:102C4800FFFFFFFFFFFFFFFFFFFFFFFFFFFFFFFF8C
:102C5800FFFF79CE518CFFFFFFFFFFFFFFFFFFFF54
:102C6800FFFFFFFFFFFFFFFFFFFFFFFFFFFFFFFF6C
:102C7800FFFFFFFFFFFFFFFFBEF79EF7BEF7FFFF57
:102C8800FFFFFFFF79CE9294FFFFFFFFFFFFFFFFDB
:102C9800FFFFFFFFFFFFFFFFFFFFFFFFFFFFFFFF3C
:102CA800FFFFFBDE1084FFFFFFFFFFFFFFFFFFFFBB
:102CB800FFFFFFFFFFFFFFFFFFFFFFFFFFFFFFFF1C
:102CC800FFFFFFFFFFFFFFFFFFFFFFFFFFFFFFFF0C
:102CD800DFFFFFFF9AD6518CFFFFFFFFFFFFFFFFCB
:102CE800FFFFFFFFFFFFFFFFFFFFFFFFFFFFFFFFEC
:102CF800FFFF5DEFCF7BFFFFFFFFFFFFFFFFFFFF42
:102D0800FFFFFFFFFFFFFFFFFFFFFFFFFFFFFFFFCB
:102D1800FFFFFFFFFFFFFFFFFFFFFFFFFFFFFFFFBB
:102D2800FFFFFFFFDBDE518CFFFFFFFFFFFFFFFF11
:102D3800FFFFFFFFFFFFFFFFFFFFFFFFFFFFFFFF9B
:102D4800FFFFDFFFCF7BBEF7FFFFFFFFFFFFFFFFA8
:102D5800FFFFFFFFFFFFFFFFFFFFFFFFFFFFFFFF7B
:102D6800FFFFFFFFFFFFFFFFFFFFFFFFFFFFFFFF6B
:102D7800FFFFFFFFDBDEEF7BFFFFFFFFFFFFFFFF34
:102D8800FFFFFFFFFFFFFFFFFFFFFFFFFFFFFFFF4B
:102D9800FFFFFFFFAE733CE7FFFFFFFFFFFFFFFFF3
:102DA800FFFFFFFFFFFFFFFFFFFFFFFFFFFFFFFF2B
:102DB800FFFFFFFFFFFFFFFFFFFFFFFFFFFFFFFF1B
:102DC800FFFFFFFF7DEF18C6FFFFFFFFFFFFFFFFBD
:102DD800FFFFFFFFFFFFFFFFFFFFFFFFFFFFFFFFFB
:102DE800FFFFFFFF18C67DEFFFFFFFFFFFFFFFFF9D
:102DF800FFFFFFFFFFFFFFFF0000000000000000D3
:102E080000000000000000008818887888B888D87A
:102E180077E777E766C65595224200000000000074
:102E2800000000000000000000000000000000009A
:102E3800000000000000000000000000000000008A
:102E480000000000881888A888F888F888F888F8AA
:102E580088F888F888F888F877F755D5225200005E
:102E6800000000000000000000000000000000005A
:102E7800000000000000000000000000000000004A
:102E88000000994999E999F988F976F766F666F69E
:102E980066F677F788F888F888F877F766F632B331
:102EA8000011000000000000000000000000000009
:102EB800000000000000000000000000000000000A
:102EC800996999F988F877F799F9CCFCDDFDDDFD6A
:102ED800DDFDBBFB88F866F677F888F877F777F7B3
:102EE80033D34464557555755565553566060000E8
:102EF80000000000000000000000000000009949E8
:102F080099F977F799F9DDFDDDFDDDFDDDFDDDFDE5
:102F1800DDFDDDFDDDFDDDFD88F966F688F877F776
:102F280077F733F377F766F666F677F766E655755B
:102F3800550500000000000000000000991999EAFA
:102F480077F7BBFBDDFDDDFDAAFA88F877F777F7A1
:102F580088F899FADDFDDDFEDDFDBBFB66F688F835
:102F680077F766F643F499F977F766F699F988F8EA
:102F780055B533030000000000000000AA9A77F856
:102F8800BBFBDDFDCCFC77F777F788F888F899F973
:102F980099F999F988F8AAFAEEFEDDFECCFC66F6F6
:102FA80077F877F755F566F699F988F866F699F996
:102FB80099F955A5000000000000992999F999F997
:102FC800DDFEBBFB77F788F888F899F999F999FA43
:102FD800AAFAAAFAAAFA99F999F9DDFEEEFEBBFB5C
:102FE80066F677F777F733F399F999FA77F788F868
:102FF800AAFA88F8445500000000AA9A77F7DDFD80
:10300800CCFC77F788F888F899F999F9AAFAAAFA16
:10301800AAFAAAFAAAFBBAFBAAFA99F9EEFEEEFEF8
:1030280088F877F777F755F555F5AAFA99FA65F616
:10303800AAFAAAFA55D50000990999E999F9EEFE74
:1030480088F877F888F899F999F9AAFAAAFAAAFAF9
:10305800BBFBBBFBBBFBBBFBBBFBAAFAAAFAEEFEA6
:10306800DDFD66F677F777F733F3AAFAAAFA77F76A
:1030780088F8AAFA88F84444AA3A77F7DDFDCCFC28
:1030880077F788F898F999F9AAFAAAFAAAFBBBFB84
:10309800BBFBBBFBBBFBBBFB88F855F655F5DDFD61
:1030A800EEFE88F877F777F744F477F8AAFAA9FAE2
:1030B80066F6AAFAAAFA4484AA7A87F8EEFE99F97B
:1030C80087F888F899F9AAFAAAFAAAFABBFBBBFB0F
:1030D800BBFCCCFCCCFC99F999F999F977F899F9EA
:1030E800EEFECCFC55F677F755F655F5AAFBBBFB7B
:1030F80055F6BBFBAAFA44B5AAAA88F8EEFE77F7FC
:1031080088F898F999F9AAFAAAFABBFBBBFBCCFC98
:10311800CCFCCCFCAAFA99F9BBFBBBFBAAFA77F763
:10312800EEFEEEFE66F777F766F633F3BBFBBBFB06
:1031380066F699F988F854D599C999F9DDFD77F7B4
:1031480088F899F999F9AAFAAAFABBFBBBFBCCFC57
:10315800CCFCDDFD88F899F9BBFBBBFBAAFA66F647
:10316800CBFCEEFE88F877F766F632F399F988F823
:1031780055F576F777F744D598D9AAFACCFC77F7BE
:1031880088F899F999F9AAFAAAFAAAFABBFBBBFB3B
:10319800CCFCCCFC66F677F8AAFAAAFA88F855F5BA
:1031A80099F9EEFEAAFA66F666F633F366F677F74D
:1031B80055F566F677F744C488D8AAFBBBFB77F7C2
:1031C80088F888F899F999F999F9AAFAAAFAABFA54
:1031D800BBFBDDFD66F744F566F666F655F544F487
:1031E80087F8EEFEBBFB66F666F633F455F566F631
:1031F80044F565F666F6339388D9AAFACCFC77F7D6
:1032080088F888F888F899F899F9AAF9BBFBCCFCF2
:10321800DDFDDDFD99F943F444F444F443F433F45B
:1032280066F7EEFECCFC55F566F633F444F566F623
:1032380044F455F644F5334399B999F9CCFC77F73A
:1032480088F888F889F899F9AAFABBFBCCFCCCFC79
:10325800CCFCCDFCDDFD54F533F433F433F333F318
:1032680066F6EEFECCFC55F566F633F444F455F5F7
:1032780033F355F533E33003999988F8EEFE77F781
:1032880088F899F9AAFAAAFABBFBBBFBBBFBBBFB04
:10329800BBFBDDFDEDFECCFC55F533F333F332F328
:1032A80066F6EEFEBBFB55F666F633F344F444F5DA
:1032B80033F343F422630000886876F7EEFE88F85B
:1032C80088F899F999FAAAFAAAFAAAFAAAFAAAFA1D
:1032D800CCFCDDFDDDFDDDFDDDFDAAFA88F999F9FF
:1032E80099F9EEFE99F966F666F622F344F433F39B
:1032F80033F322B300000000883877F7CCFCAAFA31
:1033080088F888F899F999F999F999F999F9BBFB25
:10331800CCFCCCFCCCFCCCFDCCFDCCFCCCFCCBFC64
:10332800AAFAEEFE77F866F655F622F244F422F28F
:1033380022D2220200000000000088E888F8DDFDA3
:1033480077F788F889F899F999F989F8AAFABBFB07
:10335800BBFBCCFCCCFCCCFCCCFCCCFCCCFC99FA6C
:10336800CCFCEDFE55F566F655F522F222F221C2A7
:1033780021120000000000000000888866F6DDFDCC
:1033880099F988F888F888F888F899F9AAFABBFBB7
:10339800BBFBBBFBBBFBBBFBBBFBBBFBBBFB99F999
:1033A800EEFEBBFB55F555F633F421F22182000001
:1033B80000000000000000000000772877F787F879
:1033C800DDFD77F788F888F888F8AAFAAAFAAAFA41
:1033D800BAFBBBFBBBFBBBFBBBFBBBFB99F9CCFC48
:1033E800DDFE66F655F655F522F211520000000092
:1033F800000000000000000000000000779766F65B
:10340800BBFBCCFC77F788F889F999F9AAFAAAFAEC
:10341800AAFAAAFAAAFAAAFAAAFAAAFAAAFADDFE4D
:10342800BBFB54F555F544F4118100000000000081
:10343800000000000000000000000000771777E798
:1034480055F6CCFCBBFB77F788F888F999F999F918
:10345800AAFAAAFAAAFAAAFA99F999F9DDFDDDFDFC
:1034680055F555F555F522F2101100000000000041
:103478000000000000000000000000000000665787
:1034880077F755F5BBFCCCFC88F877F788F899F9FD
:1034980099F999F999F988F8AAFADDFDDDFD55F54C
:1034A80055F555F533F411610000000000000000E7
:1034B8000000000000000000000000000000000004
:1034C800668666F655F599F9DDFDBBFB99F988F82E
:1034D80088F888F9AAFADDFDDDFDBBFB55F555F541
:1034E80055F544F411A2000000000000000000009F
:1034F80000000000000000000000000000000000C4
:103508000000669666F655F655F699F9DDFDDDFD7F
:10351800DDFDDDFDDDFDBBFB77F744F455F555F525
:1035280044F421B200010000000000000000000087
:103538000000000000000000000000000000000083
:1035480000000000656666F666F655F544F455F524
:1035580066F655F644F444F455F555F544F543F448
:1035680021920000000000000000000000000000A0
:103578000000000000000000000000000000000043
:10358800000000000000552555B555F555F555F5D1
:1035980055F555F555F555F544F544F433D3114231
:1035A8000000000000000000000000000000000013
:1035B8000000000000000000000000000000000003
:1035C800000000000000000000005525557554B5A6
:1035D80054D544E444E444C4339311420000000049
:1035E80000000000000000000000000000000000D3
:1035F80000000000000000000000000000000000C3
:1036080000000000000000000000000000000000B2
:1036180000000000000000000000000000000000A2
:103628000000000000000000000000000000000092
:103638000000000000000000000000000000000082
:103648000000000000000000000000000000000072
:103658000000000000000000000000000000000062
:103668000000000000000000000000000000000052
:103678000000000000000000000000000000000042
:103688000000330B444C0000000000000000000064
:103698000000000000000000000000000000000022
:1036A80000000000000000000000444C330B000044
:1036B8000000000000000000000000000000000002
:1036C800330B55CD77FE446C00000000000000006D
:1036D80000000000000000000000000000000000E2
:1036E8000000000000000000446C77FE55CD330B4D
:1036F8000000000000000000000000000000330B84
:1037080055CD88FF88FF77FE446C0000000000005C
:1037180000000000000000000000000000000000A1
:10372800000000000000446C77FE88FF88FF55CD3C
:10373800330B00000000000000000000330B55CDE3
:1037480088FF88FF88FF88FF77FE446C0000000030
:103758000000000000000000000000000000000061
:1037680000000000446C77FE88FF88FF88FF88FF10
:1037780055CD330B0000000000000000444C77FEDC
:1037880088FF88FF88FF88FF88FF77FE446C000069
:103798000000000000000000000000000000000021
:1037A8000000446C77FE88FF88FF88FF88FF88FF49
:1037B80077FE444C00000000000000000000446C4C
:1037C80077FE88FF88FF88FF88FF88FF77FE446CB4
:1037D80000000000000000000000000000000000E1
:1037E800446C77FE88FF88FF88FF88FF88FF77FE94
:1037F800446C000000000000000000000000000011
:10380800446C77FE88FF88FF88FF88FF88FF77FE73
:10381800446C000000000000000000000000446C40
:1038280077FE88FF88FF88FF88FF88FF77FE446C53
:103838000000000000000000000000000000000080
:103848000000446C77FE88FF88FF88FF88FF88FFA8
:1038580077FE446C0000000000000000446C77FE16
:1038680088FF88FF88FF88FF88FF77FE446C000088
:103878000000000000000000000000000000000040
:1038880000000000446C77FE88FF88FF88FF88FFEF
:1038980088FF77FE446C00000000446C77FE88FFC8
:1038A80088FF88FF88FF88FF77FE446C00000000CF
:1038B8000000000000000000000000000000000000
:1038C800000000000000446C77FE88FF88FF88FF36
:1038D80088FF88FF77FE446C446C77FE88FF88FF7A
:1038E80088FF88FF88FF77FE446C00000000000016
:1038F80000000000000000000000000000000000C0
:103908000000000000000000446C77FE88FF88FF7C
:1039180088FF88FF88FF77FE77FE88FF88FF88FF8B
:1039280088FF88FF77FE446C00000000000000005C
:10393800000000000000000000000000000000007F
:1039480000000000000000000000446C77FE88FFC3
:1039580088FF88FF88FF88FF88FF88FF88FF88FF27
:1039680088FF77FE446C00000000000000000000A3
:10397800000000000000000000000000000000003F
:10398800000000000000000000000000446C77FE0A
:1039980088FF88FF88FF88FF88FF88FF88FF88FFE7
:1039A80077FE446C000000000000000000000000EA
:1039B80000000000000000000000000000000000FF
:1039C8000000000000000000000000000000446C3F
:1039D80077FE88FF88FF88FF88FF88FF88FF77FECB
:1039E800446C00000000000000000000000000001F
:1039F80000000000000000000000000000000000BF
:103A08000000000000000000000000000000446CFE
:103A180077FE88FF88FF88FF88FF88FF88FF77FE8A
:103A2800446C0000000000000000000000000000DE
:103A3800000000000000000000000000000000007E
:103A4800000000000000000000000000446C77FE49
:103A580088FF88FF88FF88FF88FF88FF88FF88FF26
:103A680077FE446C00000000000000000000000029
:103A7800000000000000000000000000000000003E
:103A880000000000000000000000446C77FE88FF82
:103A980088FF88FF88FF88FF88FF88FF88FF88FFE6
:103AA80088FF77FE446C0000000000000000000062
:103AB80000000000000000000000000000000000FE
:103AC8000000000000000000446C77FE88FF88FFBB
:103AD80088FF88FF88FF77FE77FE88FF88FF88FFCA
:103AE80088FF88FF77FE446C00000000000000009B
:103AF80000000000000000000000000000000000BE
:103B0800000000000000446C77FE88FF88FF88FFF3
:103B180088FF88FF77FE446C446C77FE88FF88FF37
:103B280088FF88FF88FF77FE446C000000000000D3
:103B3800000000000000000000000000000000007D
:103B480000000000446C77FE88FF88FF88FF88FF2C
:103B580088FF77FE446C00000000446C77FE88FF05
:103B680088FF88FF88FF88FF77FE446C000000000C
:103B7800000000000000000000000000000000003D
:103B88000000446C77FE88FF88FF88FF88FF88FF65
:103B980077FE446C0000000000000000446C77FED3
:103BA80088FF88FF88FF88FF88FF77FE446C000045
:103BB80000000000000000000000000000000000FD
:103BC800446C77FE88FF88FF88FF88FF88FF77FEB0
:103BD800446C000000000000000000000000446C7D
:103BE80077FE88FF88FF88FF88FF88FF77FE446C90
:103BF8000000000000000000000000000000446C0D
:103C080077FE88FF88FF88FF88FF88FF77FE446C6F
:103C1800000000000000000000000000000000009C
:103C2800446C77FE88FF88FF88FF88FF88FF77FE4F
:103C3800446C00000000000000000000444C77FEC7
:103C480088FF88FF88FF88FF88FF77FE446C0000A4
:103C5800000000000000000000000000000000005C
:103C68000000446C77FE88FF88FF88FF88FF88FF84
:103C780077FE444C0000000000000000330B55CDD7
:103C880088FF88FF88FF88FF77FE446C00000000EB
:103C9800000000000000000000000000000000001C
:103CA80000000000446C77FE88FF88FF88FF88FFCB
:103CB80055CD330B00000000000000000000330B5E
:103CC80055CD88FF88FF77FE446C00000000000097
:103CD80000000000000000000000000000000000DC
:103CE800000000000000446C77FE88FF88FF55CD77
:103CF800330B00000000000000000000000000007E
:103D0800330B55CD77FE446C000000000000000026
:103D1800000000000000000000000000000000009B
:103D28000000000000000000446C77FE55CD330B06
:103D3800000000000000000000000000000000007B
:103D48000000330B444C000000000000000000009D
:103D5800000000000000000000000000000000005B
:103D680000000000000000000000444C330B00007D
:103D7800000000000000000000000000000000003B
:103D8800000000000000000000000000000000002B
:103D9800000000000000000000000000000000001B
:103DA800000000000000000000000000000000000B
:103DB80000000000000000000000000000000000FB
:103DC80000000000000000000000000000000000EB
:103DD80000000000000000000000000000000000DB
:103DE80000000000000000000000000000000000CB
:103DF8000000000000000000002E01082000000064
:103E08002000000002000000003601082000000029
:103E18002000000002000000766964656F312E61A1
:103E280076690000102840587088A0B8000000008B
:103E38000000000000000000000000080808080852
:103E48000808000800000000141414000000000016
:103E580000000000000A0A3F1414147E28280000FD
:103E68000000081C22201C02221C08000000002060
:103E780051220408102245020000000018202010DA
:103E880030494A443B0000000008080800000000D0
:103E980000000000000004080810101010100808A6
:103EA80004000010080804040404040808100000B2
:103EB8000000361C7F1C36000000000000000008CF
:103EC80008087F0808080000000000000000000043
:103ED8000000081000000000000000007F00000043
:103EE80000000000000000000000000008000000C2
:103EF80000000102040810204000000000001C22FD
:103F08002222222222221C00000000083808080869
:103F18000808083E000000001C22020204081020C5
:103F28003E000000001C2202020C0202221C0000BB
:103F38000000040C0C1414243E040E000000003E83
:103F48002020203C0202221C000000000C1020202F
:103F58003C2222221C000000003E22020404080821
:103F68001010000000001C2222221C2222221C0009
:103F78000000001C2222221E020204180000000079
:103F88000000000800000000080000000000000019
:103F980008000000000810000000000004081020BD
:103FA800100804000000000000003E003E00000071
:103FB80000000000000010080402040810000000BF
:103FC800001C2202020408080008000000001E214C
:103FD8004D5555554E201C000000001808081414B3
:103FE800223E2277000000007E2121213E2121214E
:103FF8007E000000001E214040404040211E00007D
:1040080000007C222121212121227C000000007F48
:104018002120243C2420217F000000007F2120242F
:104028003C24202078000000001E214040404741E9
:10403800211E00000000772222223E222222770041
:104048000000003E080808080808083E00000000B4
:104058001E040404040444443800000000732224AD
:10406800242838242273000000007C10101010103F
:1040780010117F00000000632236362A2A22227798
:1040880000000000672232322A2626227200000031
:10409800001C224141414141221C000000007E21B8
:1040A80021213E20202078000000001C22414141AF
:1040B8004141221C1B0000007E2121213E24242294
:1040C80073000000003E4140403E0101413E0000B7
:1040D80000007F490808080808081C00000000774D
:1040E800222222222222221C0000000077222222E1
:1040F800141414080800000000772222222A2A2A11
:1041080014140000000077221414081414227700F5
:1041180000000077222214140808081C0000000080
:104128007F420404081010217F000000001C1010BA
:10413800101010101010101C00000040201008046F
:1041480002010000000000001C040404040404042C
:10415800041C0008142200000000000000000000F9
:104168000000000000000000000000FF0000100830
:1041780000000000000000000000000000003C02F9
:104188003E42423D000000006020203E21212121C6
:104198007E000000000000003E414040413E00001B
:1041A80000000602023E424242423F000000000078
:1041B80000003E417F40413E000000000C10103CD2
:1041C800101010103C000000000000003F42424266
:1041D8003E02023C00006020202C3222222277007E
:1041E80000000008000038080808083E0000000029
:1041F8000400003C04040404040438000060202087
:104208002624283824630000000018080808080835
:1042180008083E00000000000000742A2A2A2A6BC1
:10422800000000000000006C32222222770000000B
:10423800000000003E414141413E000000000000F6
:10424800007E212121213E207000000000003F4215
:104258004242423E0207000000000076191010108A
:104268007C000000000000003E413806413E00008E
:1042780000000010103C101010120C00000000008C
:10428800000066222222261B0000000000000077A2
:1042980022221414080000000000000077222A2AB5
:1042A80014140000000000000077221C1C22770074
:1042B80000000000000077222214140808300000D3
:1042C8000000007E440810227E0000000006080856
:1042D8000808300808080806000808080808080838
:1042E8000808080808000030080808080608080830
:1042F80008300000003149460000000000000000BE
:1043080000001C1C1C1C1C1C1C1C1C000000FE9219
:1043180010101E11111516000004083F111010107E
:10432800101010380000000000000000000000001D
:10433800081000000408003E121010101038000089
:1043480000000000000000000000244800000000F9
:1043580000000000000000540000000010107C1055
:1043680010101010100000000010107C1010107CAD
:10437800101000000000001C1C1C1C1C1C1C1C1C19
:1043880000000021522408102052AD120000000045
:10439800F84848484E4949C9CE00000000000000CE
:1043A80000040810080400000000EC4848487E4952
:1043B8004949EE0000040873222424382424227377
:1043C80000000000FE9210101E11111139000000AB
:1043D8000077222222222222227F08080000207C45
:1043E800202C32222222720206000010080000004F
:1043F800000000000000000008100000000000009D
:104408000000000000482400000000000000000038
:10441800000012240000000000000000000000005E
:104428000000183C18000000000000000000000018
:1044380070000000000000000000000000FC000008
:104448000000000000000000000000000000000064
:10445800000000FB555100000000000000000000B3
:1044680000000018282E4949CE0000000000000076
:1044780000201008102000000000000000CC487E3A
:104488004949EE000000000408006624382424632B
:1044980000000000207C202C32222222770000001D
:1044A8000000000066222222223E080800000000C8
:1044B80000000000000000000036087F22222222AF
:1044C8001E02221C000000000036087F2222221E45
:1044D80002221C00001E04040404044444380000A2
:1044E8000000413E2222223E410000000001033F1D
:1044F80010101010101010380000000008080808EC
:104508000800080808080800001E22504824120A5B
:104518004478000022007F2120243C2420217F00B1
:104528000000001C224D51514D221C0000000000CB
:104538001E2140447C4440211E0000000000000071
:10454800001122442211000000000000003E020079
:104558000000000000000000000000007F000000D4
:10456800000000001C2259555955221C0000002249
:10457800003E080808080808083E00000000081463
:1045880008000000000000000000000808087F087C
:104598000808007F000000003E080808080808080E
:1045A8003E0000000008000038080808083E000027
:1045B800000000021E10101010103800000000004B
:1045C800000022222222223C204000003F7A7A7AF0
:1045D8003A0A0A0A1B000000000000000000080058
:1045E8000000000000002200003E417F40413E00E4
:1045F800000000C6446777544F4C44C600000000D2
:104608000000003E417840413E00000000000000EC
:10461800004422112244000000000400003C04046D
:10462800040404043800003E4140403E0101413E7C
:10463800000000000000003E413806413E00000036
:104648000024000038080808083E000000000206A0
:104658000A0A121E222277000000007F2120203E35
:104668002121217E000000007E2121213E212121DF
:104678007E000000003F11101010101010380000CC
:1046880000007F222222222222227F414100007F35
:104698002120243C2420217F00000000492A2A2AC6
:1046A8001C2A2A2A49000000003E4101011E01017E
:1046B800413E00000000632226262A32322277007B
:1046C80000000C6B3226262A3232227700000000C6
:1046D800732224243824242273000000003F12127D
:1046E80012121212527700000000632236362A2A6C
:1046F80022227700000000772222223E22222277FF
:10470800000000001C224141414141221C000000E0
:10471800007F2222222222222277000000007E210E
:1047280021213E20202078000000001E214040402A
:104738004040211E000000007F49080808080808BA
:104748001C0000000077222222221E02221C0000E8
:1047580000001C083E4949493E081C00000000773B
:104768002214140814142277000000007722222251
:10477800222222223F0101000077222222221E0249
:104788000207000000006B2A2A2A2A2A2A2A3E0049
:104798000000006B2A2A2A2A2A2A2A3F010100003F
:1047A8007850501E111111113E00000000E74242DE
:1047B800724A4A4A4AF7000000007020203E212130
:1047C80021217E000000003C4201111F1101423CE2
:1047D80000000000662929293929292966000000D6
:1047E800003F4242423E1212226F000000000000C9
:1047F800003C023E42423D00000000007F40203E57
:104808004141413E00000000003844447C4242429D
:104818003C000000000000003C420C30423C00001C
:1048280000000000003F4242423E02221C000000FD
:1048380000003E417F40413E00000000000000496A
:104848002A1C2A2A49000000000000003E410E02EE
:10485800413E0000000000000066222222261B00C4
:1048680000000004080066222222261B0000000027
:1048780000000066243824246300000000000000C3
:10488800070A0A12126300000000000000223636F0
:104898002A22630000000000000063223E222277E3
:1048A800000000000000003E414141413E00000080
:1048B800000000006C322222227700000000000075
:1048C800007E212121213E207000000000003E4191
:1048D8004040413E00000000000000742A2A2A2AB5
:1048E8006B00000000000000772222221E02221C1A
:1048F800000000001C083E4949493E081C00000011
:10490800000077221C1C22770000000000000066CF
:10491800222222261B010100000000007722221E0D
:104928000207000000000000006B2A2A2A2A3E0025
:104938000000000000006B2A2A2A2A3F010100001B
:1049480000000070505E11111E0000000000000001
:10495800E242724A4AF20000000000000070203E65
:1049680021217E000000000000003E410F01413E71
:1049780000000000000000662939292966000000AF
:10498800000000001F22221E1233000064D4B00071
:1049980000FF0100010000FFFF0000010001FF000F
:1049A8004641543332202020000000002A3A3C3E81
:1049B8007C223F7F000000002B2C3B3D5B5D00000C
:1049C800808182838485868788898A8B8C8D8E8F67
:1049D800909192939495969798999A9B9C9D9E9F57
:1049E800808182838485868788898A8B8C8D8E8F47
:1049F800B0B1B2B3B4B5B6B7B8B9BABBBCBDBEBF37
:104A0800C0C1C2C3C4C5C6C7C8C9CACBCCCDCECF26
:104A1800D0D1D2D3D4D5D6D7D8D9DADBDCDDDEDF16
:104A2800909192939495969798999A9B9C9D9E9F06
:104A3800F0F0F2F2F4F4F6F6F8F9FAFBFCFDFEFFFA
:104A480001030507090E10121416181C1E00000099
:104A580061001A03E0001703F8000703FF000100D4
:104A680078010001300132010601390110014A01C3
:104A78002E017901060180014D0043028101820166
:104A880082018401840186018701870189018A01E5
:104A98008B018B018D018E018F0190019101910194
:104AA80093019401F60196019701980198013D023E
:104AB8009B019C019D0120029F01A001A001A20170
:104AC800A201A401A401A601A701A701A901AA01A5
:104AD800AB01AC01AC01AE01AF01AF01B101B20154
:104AE800B301B301B501B501B701B801B801BA0105
:104AF800BB01BC01BC01BE01F701C001C101C2017B
:104B0800C301C401C501C401C701C801C701CA0165
:104B1800CB01CA01CD011001DD0101008E01DE01CA
:104B28001201F3010300F101F401F401F801280175
:104B3800220212013A020900652C3B023B023D02A7
:104B4800662C3F0240024102410246020A0153021A
:104B5800400081018601550289018A0158028F01AE
:104B68005A0290015C025D025E025F0293016102DB
:104B78006202940164026502660267029701960167
:104B88006A02622C6C026D026E029C017002710254
:104B98009D01730274029F017602770278027902FE
:104BA8007A027B027C02642C7E027F02A6018102CB
:104BB8008202A9018402850286028702AE014402AC
:104BC800B101B20145028D028E028F02900291025C
:104BD800B7017B030300FD03FE03FF03AC030400DE
:104BE8008603880389038A03B1031103C203020001
:104BF800A303A303C4030803CC0303008C038E039D
:104C08008F03D8031801F2030A00F903F303F4032E
:104C1800F503F603F703F703F903FA03FA0330047D
:104C2800200350041007600422018A043601C104DD
:104C38000E01CF040100C004D0044401610526041C
:104C4800000000007D1D0100632C001E9601A01EBF
:104C58005A01001F0806101F0606201F0806301FED
:104C68000806401F0606511F0700591F521F5B1FE9
:104C7800541F5D1F561F5F1F601F0806701F0E0020
:104C8800BA1FBB1FC81FC91FCA1FCB1FDA1FDB1FD4
:104C9800F81FF91FEA1FEB1FFA1FFB1F801F0806EA
:104CA800901F0806A01F0806B01F0400B81FB91FF0
:104CB800B21FBC1FCC1F0100C31FD01F0206E01F7C
:104CC8000206E51F0100EC1FF31F0100FC1F4E2127
:104CD8000100322170211002842101008321D02497
:104CE8001A05302C2F04602C0201672C0601752C44
:104CF8000201802C6401002D260841FF1A030000E0
:104D080010041104120413041404150416041704DF
:104D1800180419041A041B041C041D041E041F048F
:104D2800200421042204230424042504260427043F
:104D3800280429042A042B042C042D042E042F04EF
:104D4800300431043204330434043504360437049F
:104D5800380439043A043B043C043D043E043F044F
:104D6800912592259325022524256125622556251E
:104D780055256325512557255D255C255B2510257F
:104D8800142534252C251C2500253C255E255F256A
:104D98005A25542569256625602550256C256725E3
:104DA80068256425652559255825522553256B25E1
:104DB8006A2518250C25882584258C25902580258D
:104DC800400441044204430444044504460447049F
:104DD800480449044A044B044C044D044E044F044F
:104DE8000104510404045404070457040E045E0427
:104DF800B0001922B7001A221621A400A025A0008D
:104E08002E2E00002E0000002E6D70612E4D504198
:104E18002E6D33752E4D33552E6173662E415346D4
:104E28002E616D722E414D522E6169662E414946A2
:104E38002E616966662E414946462E6170652E418F
:104E480050452E7761762E5741562E776176652E1E
:104E5800574156452E6D70332E4D50332E776D6168
:104E68002E574D412E6161632E4141432E6D3461B1
:104E78002E4D34412E666C61632E464C41432E6F95
:104E880067672E4F47472E6163332E4143332E6D9C
:104E980069642E4D49442E6D6964692E4D49444913
:104EA8002E6D6F642E4D4F442E0000002E657075D8
:104EB800622E455055422E6662322E4642322E7080
:104EC8007074782E505054582E7070742E50505460
:104ED8002E6C6F672E4C4F472E7465782E544558AC
:104EE8002E746578742E544558542E646A76752E3F
:104EF800444A56552E7478742E5458542E6461744E
:104F08002E4441542E7064662E5044462E632E4320
:104F18002E6370702E4350502E682E482E646F6397
:104F28002E444F432E646F63782E444F43582E729D
:104F380074662E5254462E70792E50592E786C7302
:104F48002E584C532E6261732E4241532E6A732E93
:104F58004A532E68746D6C2E48544D4C2E706870F0
:104F68002E5048502E0000002E7069632E50494381
:104F78002E7063742E5043542E617669662E415606
:104F880049462E776562702E574542502E737667D4
:104F98002E5356472E7261772E5241572E69636FF2
:104FA8002E49434F2E6570732E4550532E626D70F7
:104FB8002E424D502E706E672E504E472E6A7067E7
:104FC8002E4A50472E6A7065672E4A5045472E6A0A
:104FD80070652E4A50452E6A6669662E4A464946CD
:104FE8002E6769662E4749462E7467612E544741DD
:104FF8002E746966662E544946462E7063782E5084
:1050080043582E7073642E5053442E6469622E44A4
:1050180049422E002E7765626D2E5745424D2E76F9
:105028006F622E564F422E776D762E574D562E7440
:10503800732E54532E726D2E524D2E683236342EE6
:10504800483236342E6176692E4156492E6D6F7678
:105058002E4D4F562E6D6B762E4D4B562E33677058
:105068002E3347502E6D7065672E4D5045472E6D77
:1050780070672E4D50472E6D70342E4D50342E6D66
:105088006A7065672E4D4A5045472E00CC5001087E
:105098000C140000AC5201080C1400008C540108D8
:1050A8000C1400006C5601080C1400004C58010840
:1050B8000C1400002C5A01080C1400000C5C0108A8
:1050C8000C140000FFFFFFFFFFFFFFFFFFFF9F869D
:1050D8009F041F66FFFFFFFFFFFFFFFFFFFFFFFFAC
:1050E800FFFFFFF7FFFF7F7E9F04FF4DBFEFFFFF2E
:1050F800FFFFFFFFFFFFFFFFFFFFFFF7FFFF7F76C9
:105108009F045F25FFAEFFFFFFFFFFFFFFFFFFFFCD
:10511800FFFFFFF7FFFF7F76DF041F05DE55BFE7C0
:10512800FFFFFFFFFFFFFFFFFFFFFFF7FFFF7F7698
:10513800DF041F051F0D3E76FFFFFFFFFFFFFFFF88
:10514800FFFFFFF7FFFF7F76DF043F0DFF041E0D13
:105158005E8EFFFFFFFFFFFFFFFFFFF7FFFF7F767A
:105168007E04DD0C3F05BF043D253FC7FFFFFFFF61
:10517800FFFFFFF7FFFF9F763D045C45BF863F15A5
:10518800FE04DD65FFFFFFFFFFFFFFF7FFFF9F7EC8
:105198001D04FD6DFFFF3F661F05DC1CFFFFFFFFC1
:1051A800FFFFFFF7FFFF9F7E1D04BD5DFFFF7FCF61
:1051B8005F159C04FFFFFFFFFFFFFFF7FFFF9F7EC8
:1051C8001D04BD5DFFFFBFE7FF559C04FFFFFFFF08
:1051D800FFFFDFF7FFFF9F761D04BD5DFFFFDFEFD9
:1051E8003F6E7C04FFFFFFFFFFFFFFFFFFFFBF864F
:1051F8001D04BD5DFFFFDFEF3F6EBC14FFFFFFFF27
:10520800BFE75FCF5FC73F5E3D04BD5DFFFF5FC780
:105218007E2DDD65FFFFDFEF5F6E9F253F0D3F05AC
:105228007D04BD5DFFFFBF9EFD145FD7DFEFBF3D6F
:105238001F051F051F053F057D04BD5DFFFFBFE777
:105248001FC7FFFFDF9E3F0DFF041F051F055F0DF2
:105258007D049C55FFFFFFFFFFFFFFFF3F6E3F05EB
:105268001F053F053F05FF041C04BC65FFFFFFF752
:10527800FFFFFFFFFFAE7F25FF04FF04FE04DD0CE8
:105288003C3DFEB6FFFFFFFFFFFFFFFFFFFF1F5E76
:10529800DE04BD047C04DB24DEB6FFFFFFFFFFFF56
:1052A800FFFFFFFF59F792EE4FEE4FEE2EE60EE6A8
:1052B800EDE5EDDDCCDDEDDDD6EEFFFFF5F635F7FE
:1052C80035F734F734F734F734F714F713F713F7DF
:1052D80071E6DFFF91EED8FFF9FFF9FFF9FFF9FF5B
:1052E800F9FFF9FFF9FFF9FFECDDDEFF91EED8FFDA
:1052F800D8FFD8FFD8FFD8FFD8FFD7FFB7FFD7FF11
:10530800CCDDDEFF70EED8FFD8FFD8FFD8FFD8FF7E
:10531800D7FFB7FF96FFB6FFCBDDDEFF70E6D7FFFE
:10532800D8FFD8FFD7FFD7FFB7FF96FF75F795F7D8
:10533800ABDDBDFF4FE6D7FFD8FFD7FFB7FFB6FFFE
:1053480096FF75F754F754F7ABD5DFFF2FE6D7FF75
:10535800D7FFB7FF96FF95FF74F753F732F732F789
:105368008BD5BDFF0EE6B7FFB6FF96FF75F774F74E
:1053780053F732F711EFF1EEECDD93E60EE696FF08
:1053880096FF75F754F733F712F7F1EED0EEAFEE5C
:105398004BE6ABD50EDE75F774F753F732F711F716
:1053A800F0EECFEEAFEE8DE6F2EE49D5EDDD54F737
:1053B80033F712F711EFD0EEAFEEAEEE8EE64BE616
:1053C8005CEF8BD5EDDD32F711F7F1EED0EEAFEEF5
:1053D8008EE66DE66CE62AE65CEF6BD5CCDDF1EE89
:1053E800F0EECFEEAEEE8DE66DE64CE64BE609DE6E
:1053F8007BFF6AD5CCDDD0EEAFEE8EE68DE66CE6AF
:105408004BE62BE62ADE08E6DAC64ACDCCDDAEEE60
:105418008EEE6DE64CE64BE62AE62ADE0ADE08EE5C
:10542800BA5D2ABDABD58DE66CE64BE62BE62AE6DF
:105438000ADE09DE0ADE08EE594D0ABDCCD54BE678
:105448006CE64BE62AE62AE62AE629E62AE629E673
:10545800CEAD29C572E60CDECADDCADDA9DDA9D547
:10546800A9D5A9D5A9D5A9D5C8E50FDE17EFCDDDF2
:1054780029CD29CD29CD28CD28CD08CD08CD07CDDA
:105488004BCDB5E655AD34A534A534A534A534A522
:1054980034A534A555AD5DEFBEF7BEF755ADDBDEDF
:1054A800FBDEFBDEFBDEFBDEDBDEFBDEF7BD18C66C
:1054B8009DEF9EF755ADFFFFFFFFFFFFFFFFFFFFCB
:1054C800FFFFFFFF79CE79CEBAD6DFFF55ADDFFFFC
:1054D800DFFFDFFFDFFFFFFFFFFFFFFF18C6BEF79D
:1054E800B6B59EF755ADDFFFDFFFFFFFFFFFFFFFFC
:1054F800FFFFFFFFB6B5F7BDB6B5F7BD55ADDFFF8A
:10550800DFFFDFFFFFFFFFFFFFFFFFFF3CE759CE95
:1055180079CE55AD55ADDFFFDFFFDFFFFFFFFFFFA2
:10552800FFFFFFFFFFFFBEF77DEF55AD55ADDEFF77
:10553800DFFFDFFFDFFFFFFFFFFFFFFFFFFFFFFFD3
:10554800FFFF55AD55ADBEFFDFFFDFFFDFFFDFFF1C
:10555800FFFFFFFFFFFFFFFFFFFF55AD55ADBEF794
:10556800DEFFDFFFDFFFDFFFDFFFFFFFFFFFFFFFE4
:10557800FFFF55AD55ADBEF7DEFFDFFFDFFFDFFFF5
:10558800DFFFFFFFFFFFFFFFFFFF55AD55ADBEF784
:10559800BEFFDEFFDFFFDFFFDFFFDFFFFFFFFFFFF5
:1055A800FFFF55AD55ADBEF7BEF7BEFFDEFFDFFF0F
:1055B800DFFFDFFFDFFFFFFFFFFF55AD55AD9EF7B4
:1055C800BEF7BEF7BEFFBEFFDFFFDFFFDFFFDFFF77
:1055D800DFFF55AD55AD9EF7BEF7BEF7BEFFBEFF68
:1055E800DFFFDFFFDFFFDFFFDFFF55AD55AD9EF7C4
:1055F800BEF7BEF7BEF7BEFFBEFFDFFFDFFFDFFF70
:10560800DFFF55AD55AD9EF79EF79EF79EF79EF7C7
:10561800BEF7BEF7BEF7BEFFDEFF55AD34A5FFFFF0
:10562800FFFFFFFFFFFFFFFFFFFFFFFFFFFFFFFF82
:10563800FFFF34A5929438C638C638C638C638CE67
:1056480058CE59CE59CE59CE59CE92943084EF7B4C
:10565800EF7BEF7BEF7BEF7BEF7BEF7BEF7BEF7BF2
:10566800EF7B308414A5D39CD394D394D394D39450
:10567800D394D394D394D394D39C14A575AD38CE36
:1056880078D678D678D678D678D678D678D678D6A2
:1056980038CE75ADD7BDFFFFFFFFFFFFFFFFFFFF50
:1056A800FFFFFFFFFFFFFFFFFFFFD7BD17C67FDF2D
:1056B8001F9E5FA65FA67FAE5FA65FA67FAE3F9EDA
:1056C8007FDF17C637CE7FAE5F44DF64BF549F5479
:1056D800BF54BF54BF5C5F447FB637CE37CEBFB62A
:1056E800FF64FF955F75FF643F6D3F6D3F6DDF5C45
:1056F800DFBE37CE17C65FD79FA63FC79FAE1F96A0
:10570800BF85DF8D1F96BF851FCF17C6F7C5BFE7BB
:105718001FBF5FCF5FCF1FC73F9E7FA6DFBE9FAE75
:105728005FD717C618C6FBCE768D39A63ECF9FDF4A
:105738001FC73FCF5FCF1FC7BFEFF7C559CE37B6DB
:105748008C4BD17419A67FD7BFE79FDF9FDF9FDF00
:10575800FFF7F7BD59CEF6ADE8320D5CD274BBBE8B
:105768009FDF5FD7BFE7BFE7FFFFF7BD59CE95A51E
:10577800252249438B4BB074558D5685F89DBCBE88
:10578800DFF7F7BD79D6559DA611A932E93A093B4D
:105798004943CD53515C97959EEFF7C559CEB7A5B0
:1057A8006C222E43AF53CF5B3064F384969519A6D1
:1057B8007EE717C658CEDAA5B122533B145CB67CF7
:1057C800588D3BAEBCC65BBE5EE717C658CEBA9DC9
:1057D800B21A543BD54B7664F77CDA9D1AAEFAA51B
:1057E8005EDF17C638CE1ED75985BA9DFBA53BAEDE
:1057F8007CBEFDCE1DD71DD7FFF717C6D7BDFFFF4F
:10580800FFFFFFFFFFFFFFFFFFFFFFFFFFFFFFFFA0
:10581800FFFFD7BD55AD58CE99D679D679D679D66A
:1058280059CE58CE58CE58CE38C675AD14A5D39C8F
:10583800B394B394B394D394D394D39CD39CD39C70
:10584800D39C14A5FFFFFFFFFFFFFFFFFFFFFFFF34
:10585800FFFFFFFFFFFFFFFFFFFFFFFFFFFFFFFF50
:10586800FFFFFFFFFFFF75DF54D7FFFFFFFFFFFFBD
:10587800FFFFFFFFFFFFFFFFFFFFFFFFFFFF11CF4E
:10588800E185BCF7FFFFFFFFFFFFFFFFFFFFFFFF03
:10589800FFFFFFFFFFFF34D7048EF1C6FFFFFFFFB6
:1058A800FFFFFFFFFFFFFFFFFFFFFFFFFFFF11C726
:1058B80013CFABAE56DFFFFFFFFFFFFFFFFFFFFF7A
:1058C800FFFFFFFFFFFF14CFEAB6D1DF279EFEFFE1
:1058D800FFFFFFFF88AE66A667A667A667A6028ECB
:1058E800C4A689CFC8AEAFBEFFFFFFFFE28DEDBEF5
:1058F800C7AEC8AEE7AEEDBE4FCF01AF49BF469EBB
:1059080058DFFFFF2A9EF9F7AED7D0DFCFD7D6E70B
:1059180070D7C0A603AFE7AE4BA6DEF7E58D25B777
:10592800A09EC0A6C0A6A0A6C0A6C2A6A1A625B72E
:105938004496D2C6E58D05B7A09EC1A6C1A6A1A66C
:10594800C1A6C1A6C1A6819EC4AEE48DC58DC4A65C
:1059580020964196419641964196819EA19EA3A686
:1059680024966EAEC58D05B785A6A5A6A5A6A5A63F
:1059780085A62296629E649EC9959DEF43754496BE
:105988002596259625964696A7A60296449EC585F1
:10599800F6CEFFFF677D477D477D477D477D2675AE
:1059A800E38D639E05960EA6FFFFFFFFDEF7DEF789
:1059B800DDF7BDF7DDF794BEA17DC6AE68859CEF27
:1059C800FFFFFFFFFFFFFFFFFFFFFFFFFFFFB6C661
:1059D800048EC585B5C6FFFFFFFFFFFFFFFFFFFF72
:1059E800FFFFFFFFFFFFF6CE226D2EA6FFFFFFFF92
:1059F800FFFFFFFFFFFFFFFFDFFF9EF77EF774BE8D
:105A0800A56C1ADFBEF7DFFFFFFFFFFFFFFFFFFFF9
:105A18007DEFDBDE3ACE2E8DAE959AD6DBDE7DEFBE
:105A2800FFFFFFFF34A5F39CF39CF39CD394D39C16
:105A3800B294B294D39CF39C5DEFBEF734A51CE7F7
:105A48001CE71CDF3CEFFBDEFBDEFBDE14A518C603
:105A580075AD9EF714A5FFFFFFFFFFFF9FD7BFDFC0
:105A6800FFFFFFFF55ADBEF7F7BDF7BD14A5DFFF7C
:105A7800BFF7BEF77C55BDAEFEB6BEF7F39C59CE58
:105A880018C6929414A5FFFFFFFFBEAEBB1CFEC64E
:105A9800BD4DDFFF75B59194718C9294F49CFFFF16
:105AA800DFFFFB34FB349FEFBFF7FFFFBEFF9EFF16
:105AB8009EF7928CF39CBFEF3C453D8E5B041ECF56
:105AC8001D6EDD5D1E663E66FFFF728CF39CDFF780
:105AD8009DA6FFFFBEAEFFFFFEAEFEAEDEAEDEAEA3
:105AE800DFFF718CF39CFFFFFEC69DA6FEBEBEAE17
:105AF800FEBEFEBEFEBEFEBEDFFF718CD39CFFFF66
:105B08005B047B045B045B047B045B047B047B0415
:105B1800DFFF718CD39CFFFF9FE79FE79FE77EE73E
:105B28009EE79EE79EEF9EEFDFFF518CD39CFFFF21
:105B380037D637D637D6FFFF1FA67FB6FF9DDF952E
:105B4800DFFF518CB394FFFFBAD6BAD6BAD6BFF7E7
:105B5800BD85DD8D5F9E3F9EDFFF5184B294FFFFC0
:105B68005DEF5DEF5DEFBEF7D17CD17437AEBBC69C
:105B7800DFFF3184B294FFFFB6B5B6B5B6B5DFFF27
:105B8800C93A8B4BED53D27CDFFF3084B294DFFFF0
:105B9800BEF7BEF7BEF7FFFF7DEF7DEF7DEF9EEF0F
:105BA800DFFF30849294DFFFF8BDF8BDF7BDD7BDA5
:105BB80039CE38C618C618C6BEF730849294FFFF8F
:105BC800FBDEFBDEFBDEFBDEDBDEDBDEFBDEFBDE45
:105BD800FFFF10849294DBDE1CE71CE71CE71CE740
:105BE8001CDF1CDFFCDEFBDEBAD61084928C5184ED
:105BF8003084308410841084107CEF7BEF7BEF7B43
:105C0800CF7B107C10840C630421242924292429A7
:105C180023292329242904210C631084D39475B5DE
:105C28004719F242903AB03AD132F23A123B471948
:105C380075B5D394B39433ADCC191F3CBB3BDC434F
:105C48003843B532DC4BED2133ADB39431842B6B43
:105C58002C323A54B843B84B4C624541116B2D3243
:105C68002B6B318413A5F7BDA94AB4CE756C327479
:105C780024A462AC6A9C264AF8BDF3A4718CCF7B3D
:105C8800CB5258B6B664AF8C82A422BD2794056B5C
:105C9800D07B718C728C0F7CEB495A8C155BB0836E
:105CA800E3ACC1CDA994E84ACF7B718CF3A418BEAC
:105CB8008661D4C3CF91CE6A249D40BD8A8D0912D6
:105CC80017CEF39C508C0D5BE782AFFCE7EAC76305
:105CD80026232129281C460A2D733084B29C55ADF1
:105CE8006339657AC371223A85094300050A0309B5
:105CF80075B5B294B29475B5E510EC19CB19AC2909
:105D0800A659C76A6859022176ADB29431842B6BC3
:105D18000C2A1C4CB9439943EC8A86A3AB692432FC
:105D28002D6B3084F49C17C6AB211C4CB943DA4365
:105D3800764BA0286819A81917CEF39C718C0F848C
:105D48000C2A3C4CB943DA43DB3B0D2A8F320D2A2F
:105D58000E84718C728C0F84ED211F44DB43FB4B46
:105D68001D44FA4B1B5C2E2A0E84728CF49C17C6B9
:105D7800EC29BE5C1B4C1C4CB853B2421B5CCC21BA
:105D880017C6F49C518CEC620B5B37AE98641B5CB5
:105D9800E892A361ED720B4A2C63318CD39C13A556
:105DA800CC52DBBEF96C158D81BC00C5C8AC266B26
:105DB800F49CD29CD39C75ADA829D36B0F436B631D
:105DC8008473648CE773634A56ADD39C10840C6368
:105DD80003212421242904210521E5180521E4189B
:105DE8000C6310840020622CCF29A02500202419E0
:105DF8005111D408622C903DFE393134622CDF22D7
:105E080005183E0CCF29FE39A0362931CF29D920D3
:105E1800A016890BA025313429313E2CA025901DD0
:105E28005D14610A0020622CCF29A02500202419C6
:105E38005111D4082419DF22D920901D2419C11327
:105E48009B0DEF0651110518A0165D1451119B0DFD
:105E58005F09C704D4083E0C890B610AD408EF0611
:105E6800C7046F02000108100902030A111820195B
:105E7800120B04050C131A21283029221B140D06B5
:105E8800070E151C232A313839322B241D160F17FB
:105E98001E252C333A3B342D261F272E353C3D3604
:105EA8002F373E3F51C21340FB22855172464F4067
:105EB800BD45B340CF200B6D103CE1426D2DFA413A
:105EC8009057D941449F91482134F943968DFC5EFF
:105ED800630ECB52C41BCC46971AD84A2E40E264B4
:105EE800F09C9D4AB31D7D7CA924E2431137AE4F37
:105EF80026CF6F6BC1923C6EA71E6056EBF64C5FC7
:105F0800044E9E5146FB404142670352EFE9454526
:105F180088DEF84CBF6B327345BA9E53BA04BFBED5
:105F2800BE98FCADEFE94545782107B34194CD8C87
:105F380045BA9E5346FB404142670352EFE9454547
:105F480088DEF84CBF6B327345BA9E53BA04BFBEA5
:105F5800BE98FCADEFE94545782107B34194CD8C57
:105F680045BA9E53FFFFFF7F657EA26B9A79825ADE
:105F780029F81B4C0E0000000D0000000B0000006B
:105F88000A000000090000000700000006000000E9
:105F98000500000094FA9765E68BA250FFFFFF7F8B
:105FA80094FA9765E68BA250FFFFFF7F94FA9765F6
:105FB800E68BA250FAA22814D61BDB152C309617B4
:105FC800858D5919BBE8241BFAFCF71CF28AD21EEE
:105FD8002A58B4206E2E9D2255DB8C24DA2F832676
:105FE800000080288722832AA8708C2CD8C59B2E75
:105FF80099FFB0304AFDCB3201A0EC3462CA1237A7
:1060080088603E39E0476F3B1767A53DFCA5E03F38
:1060180072ED2042582766447C3EB046871EFF48F2
:10602800F3B3524BFDEBAA4D97B4075062FC68528C
:106038009CB2CE5421C73857592AA75935CD195C77
:1060480029A1905E21980B617FA48A630FB90D6620
:106058000BC994680CC81F6B0DAAAE6D60634170C4
:10606800B0E8D772F92E7275852B1078ECD3B17A17
:10607800091E577D0000000000000010F34551285C
:10608800DB5C3A4553FFB20CD6891911C831CE15DD
:1060980003F2C71A00000020B9067125A3B4162B15
:1060A800B474ED30A53FF236D37B223D56E67B43F0
:1060B8003C82FC4900000000CD4F740D261FE721EB
:1060C800D9AB363A84C0AD0A6E0E610E1D0C56125D
:1060D800CF238516999FE81AA4037C1F49AE3B2459
:1060E800679C24290F42342E856F6833FF3DBF38E3
:1060F8008201373E00000000334F500B073E821CE0
:10610800559AF33062CDFA081963170C22356B0FD4
:10611800ADE2EF12669EA01617A3791A01E3771E67
:10612800B4D59822FC56DA262A903A2BE7E7B72FFF
:1061380050F6503400000000057F8309D710F91786
:10614800A9C72929FA0D8D0761E62A0A5431F70CE7
:10615800CB91EC0F0AFE06136C4A431695E59E197F
:106168003DAE171D6AD7AB2051D55924BB4F202807
:106178000818FE2B000000000000000000000001CD
:1061880001010102020303030200000000000000F5
:1061980000000000000000000100000000000000F6
:1061A80001000000000000000100000000000000E5
:1061B80006000000000000000100000000000000D0
:1061C80001000000000000000200000000000000C4
:1061D80002000000000000000200000000000000B3
:1061E80002000000000000000200000000000000A3
:1061F8000200000000000000020000000000000093
:10620800060000000000000002000000010000007D
:10621800030000000200000003000000030000006B
:106228000300000004000000030000000600000056
:106238000300000008000000030000000A0000003E
:10624800030000000D00000003000000040000002F
:106258000300000005000000030000000600000025
:106268000300000007000000030000000800000011
:106278000300000009000000030000000B000000FC
:10628800030000000D0000000300000000000000F3
:1062980000000000090000004A00000000000000A3
:1062A8008B0000008C0100000D0200007B02000042
:1062B80093030000F00300003005000058060000BA
:1062C800110700000000000002090000460B000052
:1062D800460B0000460B0000460B0000460B000072
:1062E800460B0000460B0000460B0000D10D0000D5
:1062F800D10D0000D10D0000D10D0000D10D00001E
:10630800D10D0000D10D0000D10D000003F01231B5
:10631800013111201120001000100010001006F0AB
:1063280022620162125212522251225121502150EE
:10633800123112311231123112311231123112313D
:1063480001310131013101310131013101310131B5
:10635800113011301130113011301130113011302D
:1063680000100010001000100010001000100010A5
:106378000010001000100010001000100010001095
:106388000010001000100010001000100010001085
:106398000010001000100010001000100010001075
:1063A80006F02262016212521252225122512150E9
:1063B800215011301130113011301130113011309D
:1063C800113012211221122112211221122112211F
:1063D800122112211221122112211221122112211D
:1063E8001221012101210121012101210121012184
:1063F8000121012101210121012101210121012185
:106408000121002000200020002000200020002082
:106418000020002000200020002000200020002074
:10642800002008F032832283327232723261326184
:1064380032613261127312730173017331703170FA
:106448002272227212621262126212622261226146
:1064580022612261016201620162016221602160A0
:106468002160216012311231123112311231123190
:1064780012311231123112311231123112311231FC
:1064880012311231123112311231123112311231EC
:1064980012311231123112311231123112311231DC
:1064A8001231123101310131013101310131013132
:1064B8000131013101310131013101310131013144
:1064C8000131013101310131013101310131013134
:1064D8000131013101310131013101310131013124
:1064E80001310131113011301130113011301130BA
:1064F800113011301130113011301130113011308C
:10650800113011301130113011301130113011307B
:10651800113011301130113011301130113011306B
:106528001130113000100010001000100010001081
:1065380000100010001000100010001000100010D3
:1065480000100010001000100010001000100010C3
:1065580000100010001000100010001000100010B3
:1065680000100010001000100010001000100010A3
:106578000010001000100010001000100010001093
:106588000010001000100010001000100010001083
:106598000010001000100010001000100010001073
:1065A8000010001000100010001000100010001063
:1065B8000010001000100010001000100010001053
:1065C8000010001000100010001000100010001043
:1065D8000010001000100010001000100010001033
:1065E8000010001000100010001000100010001023
:1065F8000010001000100010001000100010001013
:106608000010001000100010001000100010001002
:1066180000100010001000100010001000100010F2
:106628000010001007F03273017322632263326294
:106638003262316031601253125312531253325185
:106648003251325132512252225222522252015296
:106658000152015201521242124212421242124295
:106668001242124212422241224122412241224137
:106678002241224122412140214021402140214004
:1066880021402140214001310131013101310131E5
:106698000131013101310131013101310131013162
:1066A800013101310131122112211221122112214D
:1066B800122112211221122112211221122112213A
:1066C800122112211221122112211221122112212A
:1066D800122112211221122112211221122112211A
:1066E80012211221122111301130113011301130C4
:1066F800113011301130113011301130113011308A
:1067080011301130113000300030003000300030CE
:1067180000300030003000300030003000300030F1
:1067280000300030003006F0410052005B0060008D
:10673800630068006B0012622251225101622160DD
:10674800124112411241124101310131013101312D
:106758000131013101310131113011301130113065
:1067680011301130113011300010001000100010DD
:106778000010001000100010001000100010001091
:106788000010001000100010001000100010001081
:106798000010001000100010001000100010001071
:1067A800001000100010001004F0524542455244F9
:1067B8005243323532354234423422352235523250
:1067C8005232122512251225122503F05221522188
:1067D80001353234512051204233323302F0222421
:1067E80042221214121401F04211411002F0012445
:1067F80022233222012301F01213321101F0311049
:10680800221208F001010A010F01128552811201BA
:1068180015012284428212844271427101844180AE
:106828002283328212833281018331802262226282
:1068380022622262016201620162016221602160BA
:106848002160216012421242124212421242124246
:106858001242124212421242124212421242124290
:106868001242124222412241224122412241224126
:1068780022412241224122412241224122412241F8
:106888002241224112211221122112211221122108
:106898001221122112211221122112211221122158
:1068A8001221122112211221122112211221122148
:1068B8001221122112211221122112211221122138
:1068C8001221122112211221122112211221122128
:1068D8001221122112211221122112211221122118
:1068E8001221122112211221122112211221122108
:1068F80012211221122112211221122112211221F8
:1069080012211221013101310131013101310131ED
:1069180001310131013101310131013101310131DF
:1069280001310131013101310131013101310131CF
:1069380001310131013101310131013101310131BF
:106948000131013111301130113011301130113055
:106958001130113011301130113011301130113027
:106968001130113011301130113011301130113017
:106978001130113011301130113011301130113007
:1069880011301130002000200020002000200020BD
:1069980000200020002000200020002000200020EF
:1069A80000200020002000200020002000200020DF
:1069B80000200020002000200020002000200020CF
:1069C80000200020002000200020002000200020BF
:1069D80000200020002000200020002000200020AF
:1069E800002000200020002000200020002000209F
:1069F800002000200020002000200020002000208F
:106A08000020002003F0523552344225422552130B
:106A180052135213521302F0322542242215221522
:106A280001F05212011501F03214421301F0511015
:106A3800321306F041004A004F00520057005A0036
:106A4800126442612263326212531253325132513C
:106A58000163316022522252015201521242124203
:106A68001242124222412241224122412140214028
:106A780021402140123112311231123112311231BA
:106A8800123112310131013101310131013101314C
:106A98000131013111301130113011301130113004
:106AA800113011300030003000300030003000303C
:106AB8000030003003F0523542353225322552235A
:106AC80052235234013502F0422422255222122543
:106AD80001F05211321402F04213421351200124E2
:106AE80001F02214421201F03213411008F00101A2
:106AF8000A010F0118011B0120012501128772816B
:106B08002A012D01320112866281618037013A0122
:106B18003D011284428141802283328201831273B3
:106B280012733271327131703170227222721262B4
:106B38001262126212622261226122612261016282
:106B480001620162016221602160216021601241BD
:106B58001241124112411241124112411241124195
:106B680012411241124112411241124112410131A6
:106B7800013101310131013101310131013101317D
:106B8800013101310131013101310131013101316D
:106B9800013101310131013101310131013101315D
:106BA800013101310131013101310131013111303E
:106BB80011301130113011301130113011301130C5
:106BC80011301130113011301130113011301130B5
:106BD80011301130113011301130113011301130A5
:106BE80011301130113011301130113011300010C6
:106BF800001000100010001000100010001000100D
:106C080000100010001000100010001000100010FC
:106C180000100010001000100010001000100010EC
:106C280000100010001000100010001000100010DC
:106C380000100010001000100010001000100010CC
:106C480000100010001000100010001000100010BC
:106C580000100010001000100010001000100010AC
:106C6800001000100010001000100010001000109C
:106C7800001000100010001000100010001000108C
:106C8800001000100010001000100010001000107C
:106C9800001000100010001000100010001000106C
:106CA800001000100010001000100010001000105C
:106CB800001000100010001000100010001000104C
:106CC800001000100010001000100010001000103C
:106CD800001000100010001000100010001000102C
:106CE800001000100010001000100010001003F039
:106CF8007237623772365237723562364227422708
:106D080002F0722452266225322703F0722372237E
:106D180042264226523552346223622301F022175A
:106D2800721202F0622401277110711002F06212CF
:106D380062124225322502F001160116522342241E
:106D480001F03216221602F02225522212151215CF
:106D580002F0521152113224422301F00115511050
:106D680001F02214421201F03213011408F001015B
:106D780006010F0114011701228772821C0172712A
:106D88007271128771803286628361801F012201CD
:106D9800128562726272228601861276127662719A
:106DA8006271528132845180250122844282128488
:106DB80042810184418022732273327232721263DB
:106DC800126312631263326132613261326101739C
:106DD8000173317031702262226222622262225172
:106DE8002251225122512251225122512251124222
:106DF80012421242124212421242124212421242EB
:106E080012421242124212421242124212420152DB
:106E180001520152015201520152015201522150B4
:106E28002150215021502150215021502150123100
:106E38001231123112311231123112311231123132
:106E48001231123112311231123112311231123122
:106E58001231123112311231123112311231123112
:106E68001231123112311231123112311231013113
:106E7800013101310131013101310131013101317A
:106E8800013101310131013101310131013101316A
:106E9800013101310131013101310131013101315A
:106EA800013101310131013101310131013111303B
:106EB80011301130113011301130113011301130C2
:106EC80011301130113011301130113011301130B2
:106ED80011301130113011301130113011301130A2
:106EE80011301130113011301130113011300020B3
:106EF800002000200020002000200020002000208A
:106F08000020002000200020002000200020002079
:106F18000020002000200020002000200020002069
:106F28000020002000200020002000200020002059
:106F38000020002000200020002000200020002049
:106F48000020002000200020002000200020002039
:106F58000020002000200020002000200020002029
:106F6800002000200020002000200020002002F047
:106F7800722762277226722503F06226622642274C
:106F88004227722472245237523502F05226622563
:106F98003217321701F07213421602F042255224BA
:106FA8003225522301F06214011701F04214221510
:106FB80001F05212011501F04213321307F081005B
:106FC8008A008F00920097009A009D00A200A500F9
:106FD800A800227662726271AD00B000B30012752B
:106FE800527132744273B600227442721274326360
:106FF80032634261426122632263326232624170CB
:1070080001733160316012531253125312533251CB
:1070180032513251325122522252225222521242BB
:1070280012421242124212421242124212422241A9
:107038002241224122412241224122412241015240
:10704800015201520152215021502150215000403B
:107058000040004000400040004000400040123125
:107068001231123112311231123112311231123100
:107078001231123112311231123112311231013101
:107088000131013101310131013101310131013168
:107098000131013101310131013101310131113049
:1070A80011301130113011301130113011301130D0
:1070B800113011301130113011301130113003F00E
:1070C8007237623772267226522752277225722526
:1070D80002F0622642277224622501F05216321706
:1070E80002F0722352252217221701F0721242165B
:1070F80001F06214121702F0721172110127712047
:1071080001F03216621301F04215521402F04214D3
:1071180042140126012501F01216611001F0321502
:10712800521301F02215521201F05110011406F009
:1071380041008200C300E400050116011F0130016F
:1071480039013E0143014601126222610162216058
:1071580012411241124112410141014101410141D3
:10716800113011301130113011301130113011300F
:107178000010001000100010001000100010001087
:107188000010001000100010001000100010001077
:107198000010001000100010001000100010001067
:1071A8000010001000100010001000100010001057
:1071B80006F0080111011A0123012C0131013601E1
:1071C8003F01440147014C01510156015B01126F17
:1071D800F261F160600163016601E2626901126EA9
:1071E800E2616C016F017201750178017B01C26671
:1071F800326D7E01226DD262126DB2678101840107
:10720800C2638701426BD251D251016DD160826A4B
:10721800A268426CC264626BB266325C325C225C09
:10722800225CC252C252525B525BB2658269125CE6
:10723800125C06F0C251C2519268016CC150C15033
:10724800B264626AA2667269325B325BB253B2534D
:107258008268526A225B225BA2656269A254A254C8
:10726800726882679254925472677266B242B242EE
:10727800B242B242124B124B124B124BB241B241C4
:10728800B241B241015B015BB150B1509256925686
:10729800425A425A325A325AA253A2535259525956
:1072A80092559255224A224A224A224AA242A24290
:1072B800A242A24205F0124A124AA241A241015A30
:1072C8006258A140A1408256425992439243325992
:1072D8005258825562572249224992429242525745
:1072E800725532483248824382436256425772543A
:1072F80052566255725305F0123912391239123941
:107308009231923192319231014901499140914033
:10731800424842488244824472427242425662540F
:10732800223822382238223882328232823282321D
:10733800123812381238123804F0324722471237FE
:1073480012377231723152450147714032466243F9
:107358004245524422466242324503F0822182214C
:1073680001388130123662310136613004F05243FF
:107378004244223522355232523201350135122526
:10738800122512251225522152215221522103F091
:1073980032344233513022344232323312241224EE
:1073A80002F0421142110124412002F0222332222C
:1073B8001213121301F03211011301F031102212CD
:1073C80003F082008B008E00910094009700E23C4D
:1073D800D23D03F09300B23EE23B923FF239E23AEB
:1073E800B23DD23B03F0823FF238C23C8D00823E70
:1073F8009000F227F22703F0D22AD22AA23DB23C0B
:10740800C23BF236622F622F02F0E228522F922DF1
:10741800D22902F0F225E227A22CB22B03F0422F48
:10742800422FF224F224C23AE236F223F22302F087
:10743800321F321F822DD22801F0221FF21202F0D1
:10744800622E922C011F011F02F0C229522EA21B8C
:10745800A21B02F0722DD227421E421E02F0C22841
:10746800D226321E321E02F0B219B219922BA22A6B
:1074780001F0B21AE21501F0E214821C01F0621D5B
:10748800E21301F0221E011E01F0E110521D01F06D
:10749800D215721C01F0C217421D01F0821BB218EE
:1074A80001F0D214921A01F0A219621C01F0D21351
:1074B800721B01F0521CC21501F09219721A01F0E8
:1074C800A217921703F02300F23DE22DE22DF21FDE
:1074D800F21FF21FF21F01F0E21FD21F01F0E21E9D
:1074E800C21F01F0D21EB21F01F0F21BC21E02F031
:1074F800D21CD21CA22FE22901F0F21AC21D01F0FF
:10750800A21E921E01F0721F721E01F0F21EF21CE2
:1075180008F00101220143015401650176017F0150
:1075280088019901A201AB01B401BD01C201CB01DF
:10753800D401D901DE01E301E801ED01F201F7010F
:10754800FC010102040207020A020F0212021502DC
:107558001A021D02200292812302260229022C020D
:107568002F022288828212888281320235023802F2
:107578003B022287728262841287528572813E02A0
:107588003286628342855284228662821286410252
:1075980032856271627152834284227522755272F9
:1075A800527212751275527152710185518032747E
:1075B800327442734273227422744272427232737A
:1075C8003273426142614261426112741274017401
:1075D800017422632263226322633262326232625E
:1075E8003262417041700173017312631263126356
:1075F800126332613261326132613160316031600F
:1076080031602252225222522252225222522252B5
:107618002252125212521252125212521252125232
:1076280012522251225122512251225122512251C9
:10763800225101520152015201520152015201528A
:1076480001522150215021502150215021502150C8
:1076580021501231123112311231123112311231DC
:1076680012311231123112311231123112311231FA
:1076780012311231123112311231123112311231EA
:1076880012311231123112311231123112311231DA
:1076980012310141014101410141014101410141D1
:1076A80001410141014101410141014101410141C2
:1076B8000141114011401140114011401140114049
:1076C800114011401140114011401140114011402A
:1076D8001140003000300030003000300030003001
:1076E8000030003000300030003000300030003012
:1076F8000030003000300030003000300030003002
:1077080000300030003000300030003000300030F1
:10771800003005F0F25FE25FF25ED25FE24EE24EC9
:10772800F25DC25FF25CD25EE25DB25FF24BF24B99
:10773800C25EE25CD24DD24DA24FA24FF24AF24A4B
:10774800B24EB24EE24BE24BC24DC24DD24CD24C7D
:10775800924F924F05F0F249F249E24AE24AB24D9D
:10776800B24DD24BD24B824F824FF248F248C24CB4
:10777800C24C924E924EE249E249724F724FF24722
:10778800F247A24DA24DD24AD24AB24CB24C624FF5
:10779800624FA25E015F04F0C23BC23BF236F23692
:1077A800824EE248524F924DF235F235723E723EA9
:1077B800E237E237A23CA23C04F0C23AC23AB23BFA
:1077C800B23BD249824D423F423FF234F234323F1B
:1077D800323FF233F233D238D23804F0E236E236AE
:1077E800223F223FF232F232624EF140123F123F04
:1077F800F231F231923C923CC239C23903F0523E26
:10780800A23BB23AE235723DD237423EE23403F04F
:10781800823CC238323E623DD236E233923BB239C4
:1078280004F0223E223EA23AA23AE232E232123E6C
:10783800123EE231E231014EE140523D523DD23535
:10784800D23503F0723CC237423D823BD224D22467
:10785800B238923A03F0A239623CC236323DD223A2
:10786800D223D222D22203F0223D013D122D122D25
:10787800722B722BB227B22703F0D221D221523CAD
:10788800D130C225C225822A822A02F0A228422C9F
:10789800C224622B03F0B226B2269239013C322C64
:1078A800322CC223C22303F0722A722AA227A227EB
:1078B800A226A226C130013B02F0C212C212222C1B
:1078C800522B02F0B225122C8229922802F0C221F2
:1078D800422BB224622A02F0322B7229B213B2135D
:1078E80002F092278228222B522A02F0B212B212F8
:1078F800A225122B02F0B211B211B120622902F0B6
:107908009226422AA224722802F08227322AA2133F
:10791800A21301F05219921501F0221AA21201F0D5
:10792800121AA21102F0012AA1206218621801F0AD
:107938008216421901F09214321902F0921392132E
:107948007227012901F05218821501F022196217D5
:1079580001F07216921201F01219911001F04218FA
:10796800821401F05217721501F03218821301F0D7
:107978006216421701F07214011801F081105216B4
:1079880001F06215321701F07213421601F0011767
:10799800711001F00116611008F001010A011301CC
:1079A800F28F18011D012001F2823101128FF2813C
:1079B8003401450156016701780189019A01A30143
:1079C800AC01B501BE01C701D001D901DE01E30157
:1079D800E601EB01F0015281F301F601F901FC0126
:1079E80012844281FF012283328212731273327130
:1079F8003271018331802272227212621262126223
:107A080012622261226122612261016201620162C5
:107A180001622160216021602160124112411241FE
:107A280012411241124112411241124112411241B6
:107A380012411241124112411241014101410141D9
:107A4800014101410141014101410141014101411E
:107A58000141014101410141014111301130113011
:107A68001130113011301130113011301130113006
:107A780011301130113011301130113011301130F6
:107A880011301130113011301130113011301130E6
:107A98001130113011301130113000100010001069
:107AA800001000100010001000100010001000104E
:107AB800001000100010001000100010001000103E
:107AC800001000100010001000100010001000102E
:107AD800001000100010001000100010001000101E
:107AE800001000100010001000100010001000100E
:107AF80000100010001000100010001000100010FE
:107B080000100010001000100010001000100010ED
:107B180000100010001000100010001000100010DD
:107B280000100010001000100010001000100010CD
:107B380000100010001000100010001000100010BD
:107B480000100010001000100010001000100010AD
:107B5800001000100010001000100010001000109D
:107B6800001000100010001000100010001000108D
:107B7800001000100010001000100010001000107D
:107B8800001000100010001000100010001000106D
:107B98000010001000100010001003F0E23FF23E49
:107BA800D23FF23DC23FF23CB23FF23B03F0A22F7C
:107BB800A22FF23A923FF239F238822F822F02F046
:107BC800722FF227622FF22602F0522FF225421F5F
:107BD800421F01F0F214F21304F0F110F110F11049
:107BE800F110F110F110F110F110322F322F322F65
:107BF800322FE200F300FC00050101F0221F011FF3
:107C080004F0FA00FF00040109010C01110116013A
:107C180019011E0123012801E2432D01300133011E
:107C2800360104F028012B012E01014D31013401E8
:107C38003701324C3A01124CC1403D01E232E23286
:107C4800224E124E04F0D243224DD242D241324B40
:107C58002F01123D123DC244624BC243A247223C4F
:107C6800223CC242B24504F0C241014C424BB244EC
:107C7800624AA246B233B233524AA245223B223B61
:107C8800B232B232123B123B04F0B231B231014B84
:107C9800B14062499246424AA24472488247A2339E
:107CA800A233324A5249223A223A04F092456248B3
:107CB800A231A231824672479234923442495247E5
:107CC80062376237A222A222A222A22203F0122A3B
:107CD800122A013AA130323992335238823503F0F0
:107CE8002229222992229222723601391229122936
:107CF80003F0922192219130423882347235323821
:107D0800823303F06236223882228222423772346A
:107D18001228122803F08221822181208120013833
:107D280052363227322703F07223722362354236E5
:107D3800222722277222722203F062345235012749
:107D48000127121712171217121702F07211721167
:107D58007120322602F0622342255224222601F0A5
:107D68006212121602F0621162110126612002F0FD
:107D7800521352133225422401F02215521201F0F7
:107D88001215011501F03214421301F0511022149A
:107D980001F04212321301F00114411004F0C24EF6
:107DA8008600D23ED23EE239E239E24AD249E22E98
:107DB800E22EE22EE22EE23DE23DE23BE23B03F020
:107DC800B22EB22EC22DC22DD23CD23BA22EA22E52
:107DD80003F0C22CC22CA23DD23A723EA23CC22A67
:107DE800C22A03F0C239723D522E522EB21DB21D64
:107DF800B21DB21D02F0921E921EB22CC22B02F0CE
:107E0800822EE228922DE22702F0B22B822DD22870
:107E1800622E01F0E216921C02F0A22BB22AE22591
:107E2800D22702F0421E421EE224822C01F0C21820
:107E3800321E02F0621D621DD226922B02F0B22978
:107E4800A22AE211E21102F0D214D214B228A22915
:107E580002F0721B721BB227D12001F0011EE11043
:107E680001F0521DD21501F0721CC21701F0421D1B
:107E7800821B01F0921A621C01F0C216321D01F039
:107E8800521CC21501F0821AA21801F09219421C64
:107E980001F0B216721A01F0521B821901F0921801
:107EA800721901F09217821801F0E21CD21D09F034
:107EB800E28FE28FF28EF28ED28FD28FF28DF28D18
:107EC800C28FC28FF28CF28CB28FB28FF28BF28B90
:107ED800F27AF27AF27AF27AA28FA28F928F928F46
:107EE800F279F279F279F279F278F278F278F27836
:107EF800828F828F728F728FF277F277F277F277B2
:107F0800627F627F627F627FF276F276F276F27645
:107F1800527F527F527F527FF275F275F275F27579
:107F2800427F427F427F427FF274F274F274F274AD
:107F3800327F327F327F327FF273F273F273F273E1
:107F4800227F227F227F227FF272F272F272F27215
:107F5800F271F271F271F271128F128FF180F18069
:107F6800019F010206020B02100215021A021F02EB
:107F7800F24FF24FF24FF24FF24FF24FF24FF24FF1
:107F8800F24FF24FF24FF24FF24FF24FF24FF24FE1
:107F9800F24FF24FF24FF24FF24FF24FF24FF24FD1
:107FA800F24FF24FF24FF24FF24FF24FF24FF24FC1
:107FB80024022902320237023A023F0242024502F3
:107FC8004A024D0250025302560259025C025F02F5
:107FD8006202650268026B026E0271027402770225
:107FE8007A027D028002830288028B028E0291024D
:107FF800940297029A029F02B294A402A702AA02CC
:10800800B2938298AF02B292B202B5029296A2944B
:10801800B8028297329AA29352999295229AA29282
:10802800A291629882967297429992943299929309
:108038005298829522996297729692921299929189
:1080480042988294529772953298829362962298B7
:1080580082921298429772948291BB0252966295CC
:108068001297BE027283728332972297728272824B
:108078004286428662846284528552857281728108
:108088003286328662836283428542855284528474
:1080980022862286628262821286128662816281CA
:1080A800019661903285328552835283428442849C
:1080B800228522855282528212851285019551901D
:1080C80052715271527152713284328442834283A6
:1080D8002274227422742274427242724272427270
:1080E80032733273327332731274127412741274DC
:1080F8004271427142714271018401844180418020
:108108002273227322732273327232723272327283
:1081180012631263126312631263126312631263AF
:1081280032613261326132613261326132613261AF
:1081380001730173017301733170317031703170E3
:108148002262226222622262226222622262226207
:1081580012521252125212521252125212521252F7
:1081680012521252125212521252125212521252E7
:10817800225122512251225122512251225122515F
:10818800225122512251225122512251225122514F
:1081980001620162016201620162016201620162BF
:1081A80021602160216021602160216021602160BF
:1081B800124112411241124112411241124112411F
:1081C800124112411241124112411241124112410F
:1081D80012411241124112411241124112411241FF
:1081E80012411241124112411241124112411241EF
:1081F8000141014101410141014101410141014167
:108208000141014101410141014101410141014156
:108218000141014101410141014101410141014146
:108228000141014101410141014101410141014136
:1082380011401140114011401140114011401140AE
:10824800114011401140114011401140114011409E
:10825800114011401140114011401140114011408E
:10826800114011401140114011401140114011407E
:1082780000400040004000400040004000400040F6
:1082880000400040004000400040004000400040E6
:1082980000400040004000400040004000400040D6
:1082A80000400040004000400040004000400040C6
:1082B80002F0E22ED22EE22DC22E02F0E22CD22DB6
:1082C800B22EE22B02F0C22DD22CA22EE22A02F00C
:1082D800B22DD22BC22C922E02F0E229A22DD22A44
:1082E800B22C02F0C22B822EE228922D02F0D22963
:1082F800722EE227A22C02F0C22AB22B822DD2289B
:1083080003F0013EE130012D012DE216E216E216DE
:10831800E21602F0622E922CC219C21901F0521E06
:10832800B21A02F0E215E215A22B722D01F0D21753
:10833800E21401F0821CC21802F0422E222E321ED4
:10834800321E01F0621DD21601F0E213921B01F0F9
:10835800B219A21A01F0E212121E01F0E211521D26
:1083680001F0D215721C01F0C217421D01F0821BE8
:10837800B21801F0D214921A01F0A219621C01F08D
:10838800C216321D01F0D213221D01F0D212121DA5
:1083980001F0721BB21701F0D211521C01F0C21584
:1083A800821A01F0A218921901F0421CC21401F0BD
:1083B800621BB21602F0D120012C321C321C01F0D3
:1083C800C213721A01F0A217221C01F0C212521B2A
:1083D80001F0B215121C01F08219921801F0C211B5
:1083E800421B02F0C120012B321B321B02F0B120CC
:1083F800012A121A121A01F0621AA21601F0721951
:10840800921702F0A12001299110911001F0221B6E
:10841800521A01F0A215121B01F0B211621901F0F3
:10842800421A721801F00118811001F00117711039
:1084380006000000040000000000000040000000EA
:108448006B6F6D6E67655959565653535A5A5C5C33
:1084580042424242414141414444444448484848D8
:108468001010101010101010101010101010101004
:1084780010101010101010101010101010101010F4
:108488004F4E4D4C4B4A494847464544434241406C
:10849800D04E837F1D75A37BC1E4017464F9D9684C
:1084A8009A79825AE2F36A49EE5A183683FB2021F8
:1084B8005CEB270B8BCEAA422427E9C2281C314744
:1084C8009A615FC9EB8F864A8C9D85D0513B914C50
:1084D800A03E24D8CC3C414D000000E0513B914CDB
:1084E80061C1DBE7EB8F864A75627AEF281C31475A
:1084F800679EA0F68BCEAA42DDD816FD00002000AC
:10850800400060008000A000C000E00000012001E1
:10851800400160018001A001C0010000200030007E
:10852800380040005000600070008000A000C000CB
:10853800E000000140018001000020002800300018
:10854800380040005000600070008000A000C000AB
:10855800E000000140010000200030003800400029
:1085680050006000700080009000A000B000C000C3
:10857800E00000010000080010001800200028009A
:10858800300038004000500060007000800090000B
:10859800A00000000800100018002000280030008B
:1085A8003800400050006000700080009000A0007B
:1085B80000002000300038004000500060007000CB
:1085C80080009000A000B000C000E00000010000A2
:1085D8000800100018002000280030003800400073
:1085E80050006000700080009000A00000000800AB
:1085F800100018002000280030003800400050000B
:108608006000700080009000A000000044AC0000F2
:1086180080BB0000007D000022560000C05D000005
:10862800803E0000112B0000E02E0000401F0000DB
:10863800800180048004800180044002800180045D
:10864800400200000000040008000C0010001400A4
:1086580018001E0024002C0034003E004A005A0076
:108668006E008600A200C400EE0020015601A2019F
:1086780040020000040008000C00100016001E0054
:1086880028003400420054006A008800C00000003E
:10869800040008000C001000140018001E0024003C
:1086A8002A0032003C00480058006A0080009C0004
:1086B800BE00E60014014A018001400200000400E7
:1086C80008000C00100016001C00260032004000B4
:1086D800500064007E00C0000000040008000C0088
:1086E8001000140018001E0024002C003600420060
:1086F800520066007E009C00C200F00028016C0158
:10870800C001260240020000040008000C0010000E
:1087180016001E002A003A004E0068008A00B400C5
:10872800C000000006000C00120018001E00240003
:108738002C00360042005000600074008C00A80035
:10874800C800EE001C0150018C01D0010A02400251
:108758000000040008000C001200180020002A0085
:1087680038004A0064008400AE00C0000000060023
:108778000C00120018001E0024002C0036004200D5
:108788005000600072008800A200C200E8001601D4
:108798004C018A01D0011C024002000004000800BC
:1087A8000C0012001A00240030003E00500068003F
:1087B8008800B400C000000006000C001200180079
:1087C8001E0024002C003600420050006000740097
:1087D8008C00A800C800EE001C0150018C01D001DB
:1087E8000A0240020000040008000C0012001A00EF
:1087F800240030003E00500068008600AE00C00033
:10880800000006000C00120018001E0024002C00B6
:10881800360042005000600074008C00A800C800B8
:10882800EE001C0150018C01D0010A024002000038
:10883800040008000C0012001A00240030003E005A
:10884800500068008600AE00C000000006000C0062
:10885800120018001E0024002C00360042005000B0
:10886800600074008C00A800C800EE001C015001D4
:108878008C01D0010A0240020000040008000C002C
:1088880012001A00240030003E00500068008600E4
:10889800AE00C00000000C001800240030003C00AE
:1088A800480058006C008400A000C000E8001801CF
:1088B80050019001DC01360238023A023C023E02C5
:1088C800400200000800100018002400340048008E
:1088D80060007C00A000A200A400A600C000000068
:1088E80011002000090011000900110000006800B3
:1088F80082009C00B600D000050139016D01A1017C
:108908000A027202DB0243031404000060007800CC
:108918009000A800C000F000200150018001E00193
:108928004002A0020003C00300009000B400D80079
:10893800FC0020016801B001F8014002D002600388
:10894800F0038004A00500001A0034004E006800FF
:1089580082009C00B600D000050139016D01A1011B
:10896800D6010A02000018003000480060007800B4
:108978009000A800C000F000200150018001B00163
:10898800E0010000240048006C009000B400D8000A
:10899800FC0020016801B001F80140028802D00201
:1089A8000000340068009C00D000050139016D0109
:1089B800A1010A027202DB024303AC0314040000A3
:1089C800300060009000C000F000200150018001DC
:1089D800E0014002A00200036003C0030000480059
:1089E8009000D80020016801B001F8014002D002CF
:1089F8006003F00380041005A005000000000001DA
:108A08000002000303000101010201030201020246
:108A180002030301030203030402040300000040ED
:108A280000000000000000400000004000000000BE
:108A3800BA58860DD0F56C17000000202F0A93282D
:108A480045A7793200000040000000005C7F201339
:108A580083FB2021CC3C412D167E61393DFA6147CC
:108A68009979825A00000040323FD135CC3C412DE3
:108A780014FC0D26FFFFFF1F999FE81A669EA0169B
:108A88000AFE0613FFFFFF0FCC4F740D334F500B38
:108A9800057F8309FFFFFF07E627BA069927A80580
:108AA80082BFC1049979825A27F81B4CFFFFFF3F08
:108AB800323FD135CC3C412D13FC0D26FFFFFF1F63
:108AC800999FE81A669EA01609FE0613FFFFFF0F7E
:108AD800CC4F740D334F500B047F8309FFFFFF0702
:108AE800E627BA0600000040CC3C412D00000020DB
:108AF800669EA01600000010334F500B00000008BF
:108B08009927A80500000004CC13D4020000000235
:108B1800E6096A0100000001F304B50000008000C6
:108B280079825A009979825AFFFFFF3FCC3C412D48
:108B3800FFFFFF1F669EA016FFFFFF0F334F500B6E
:108B4800FFFFFF079927A805FFFFFF03CC13D402F7
:108B5800FFFFFF01E6096A01FFFFFF00F304B5000C
:108B6800FFFF7F00F053C26DAA0025BEE4EBDC7066
:108B780049499EC3736E8D794A3FE3D7A740DD7D8F
:108B88007611B7E8B7206D7F2FFEE4F3407EE47FCF
:108B9800C7A3C1FA63B2FC7FC6BD2EFE94C6FF7F91
:108BA8005DC286FF8BCEAA02281C3107EC8F860A8D
:108BB800523B910CCD3C410D523B910CEC8F860AF7
:108BC800281C31078BCEAA02DDD816FD669EA0F6BA
:108BD80075627AEF61C1DBE7000000E09F3E24D8B0
:108BE8008B9D85D09A615FC92327E9C2753155BD30
:108BF800D8E3CEB8147079B5AEC46EB333C3BEB281
:108C0800AEC46EB3147079B5D8E3CEB8753155BD1E
:108C18002327E9C29A615FC98B9D85D09F3E24D8DE
:108C2800000000E061C1DBE775627AEF669EA0F69E
:108C3800DDD816FD8BCEAA02281C3107EC8F860AD8
:108C4800523B910CCD3C410D523B910CEC8F860A66
:108C5800281C31078BCEAA02DDD816FD669EA0F629
:108C680075627AEF61C1DBE7000000E09F3E24D81F
:108C78008B9D85D09A615FC92327E9C214EF44BD53
:108C880052A031B83738AAB3A489B7AFBB4561AC95
:108C9800DCECADA91F4964A8F06818AD491F43B8BA
:108CA8003622F4C8B1E6A8DDDC5577F400000000F0
:108CB80000000000000000000000000000000000AC
:108CC80000000000281C3107CD3C410D281C31074D
:108CD800669EA0F6000000E09A615FC9D8E3CEB8AE
:108CE80033C3BEB2D8E3CEB89A615FC9000000E0D2
:108CF800669EA0F6000000000000000000000000D2
:108D0800000000000000000000000000000000005B
:108D1800000000000000000000000000000000004B
:108D2800000000000000000000000000000000003B
:108D3800000000000000000000000000000000002B
:108D4800000000000000000000000000000000001B
:108D5800000000000000000000000000000000000B
:108D680000000000000000000000000009978E02CB
:108D7800C05E8504A1436702102CDEFC82DC15F579
:108D88003BE593ECF880C8E4080B5DDDB71035D6F9
:108D98004A835ECF62B5E6C80541DAC2753155BD72
:108DA800D8E3CEB8147079B5AEC46EB333C3BEB2CF
:108DB800AEC46EB3147079B5D8E3CEB8753155BD6D
:108DC8002327E9C29A615FC98B9D85D09F3E24D82D
:108DD800000000E061C1DBE775627AEF669EA0F6ED
:108DE800DDD816FD000000007400000054030000E8
:108DF8002C070000D41F000084500000B866000053
:108E0800C4490200789404003CB6FDFFB86600002F
:108E18007CAFFFFFD41F0000D4F8FFFF540300000D
:108E28008CFFFFFFFCFFFFFF6800000068030000E5
:108E380044060000401F0000D04A00001C5D0000EE
:108E4800E02C0200C09304006099FDFF786F0000D9
:108E5800CCA9FFFF3C200000E4F7FFFF400300001F
:108E680084FFFFFFFCFFFFFF6000000078030000A5
:108E78006C050000801E000024450000A052000080
:108E8800FC0F0200A0910400A07CFDFF60770000A9
:108E980024A4FFFF80200000ECF6FFFF2803000059
:108EA80074FFFFFFFCFFFFFF540000008403000075
:108EB80098040000941D00007C3F00004447000017
:108EC8002CF30100188E04000860FDFF707E00007E
:108ED8008C9EFFFF9C200000ECF5FFFF10030000B4
:108EE80068FFFFFFFCFFFFFF4C0000008C03000041
:108EF800D0030000781C0000E4390000003B0000AB
:108F080080D6010024890400AC43FDFFB084000032
:108F18000C99FFFF94200000E4F4FFFFF802000022
:108F28005CFFFFFFFCFFFFFF440000009003000010
:108F3800140300002C1B00005C340000DC2D000032
:108F480004BA0100D08204009C27FDFF208A00009B
:108F5800A493FFFF6C200000D4F3FFFFDC020000A5
:108F68004CFFFFFFFCFFFFFF4000000090030000E4
:108F780064020000B0190000F02E0000D41F0000A9
:108F8800C89D01001C7B0400E80BFDFFCC8E00008F
:108F9800648EFFFF24200000C0F2FFFFC002000023
:108FA8003CFFFFFFF8FFFFFF380000008C030000C4
:108FB800BC010000FC1700009C290000E81000001C
:108FC800D88101000C7204009CF0FCFFB4920000F0
:108FD8004C89FFFFC01F0000A4F1FFFFA40200009E
:108FE8002CFFFFFFF8FFFFFF3400000080030000A4
:108FF8002001000018160000682400001801000075
:1090080044660100A4670400CCD5FCFFE09500008D
:109018006884FFFF441F000084F0FFFF8402000003
:1090280018FFFFFFF8FFFFFF2C000000740300008B
:109038009000000000140000581F000068F0FFFFB7
:10904800144B0100F05B040088BBFCFF589800003B
:10905800BC7FFFFFA81E000060EFFFFF6802000052
:1090680004FFFFFFF8FFFFFF280000005C0300007B
:1090780008000000AC110000701A0000D8DEFFFFE5
:1090880058300100F84E0400D8A1FCFF1C9A0000DB
:10909800547BFFFFFC1D00003CEEFFFF4C0200006C
:1090A800F0FEFFFFF4FFFFFF240000004003000074
:1090B8008CFFFFFF280F0000B015000070CCFFFFE9
:1090C8001C160100BC400400D888FCFF3C9B000033
:1090D8003477FFFF381D000018EDFFFF2C02000059
:1090E800DCFEFFFFF4FFFFFF20000000200300006C
:1090F8001CFFFFFF680C00001C1100002CB9FFFFCB
:109108006CFC0000503104008C70FCFFB89B000020
:109118006873FFFF641C0000F4EBFFFF10020000FF
:10912800C4FEFFFFF0FFFFFF1C000000F402000078
:10913800B4FEFFFF74090000B80C000018A5FFFF7B
:1091480050E30000B42004000859FCFF9C9B000079
:10915800F46FFFFF7C1B0000D0EAFFFFF401000062
:10916800ACFEFFFFF0FFFFFF1C000000C402000080
:1091780058FEFFFF48060000840800003890FFFFF3
:10918800D0CA0000F80E04005C42FCFFF09A000010
:10919800E06CFFFF881A0000B0E9FFFFD40100006F
:1091A80094FEFFFFECFFFFFF180000008C02000098
:1091B80004FEFFFFE402000080040000907AFFFF35
:1091C800FCB2000028FC0300902CFCFFB8990000BA
:1091D8003C6AFFFF8819000098E8FFFFBC01000007
:1091E8007CFEFFFFA00100007C180000FC97000037
:1091F8004CE803002464FFFF4CFFFFFF4802000017
:10920800ECFFFFFF010202030400000045F4000820
:109218006DF4000895F40008B9F40008D1F40008CA
:1092280000003C027804B306EE08280B610D990F84
:10923800D01106143A166C189D1ACB1CF71E212162
:1092480048236C258E27AC29C72BDF2DF32F03323B
:10925800103418361D381C3A183C0E3E0040ED41BB
:10926800D443B74594476B493D4B084DCE4E8E507D
:109278004752FA53A6554C57EB58825A135C9D5DDA
:109288001F5F9A600E627A63DE643A668E67DA68F8
:109298001E6A5A6B8D6CB86DDA6EF46F04710D72BC
:1092A8000C730274EF74D375AE76807748780779BB
:1092B800BC79687A0B7BA37B337CB87C347DA67D34
:1092C8000E7E6D7EC17E0C7F4C7F837FB07FD37F07
:1092D800EC7FFB7F00800000102840587088A0B801
:1092E8003031323334353637383961626364656614
:1092F8006768696A6B6C6D6E6F707172737475767E
:089308007778797A000000007B
:089310006C77FE7F01000000F4
:04931800BD0100088B
:04931C0099010008AB
:10932000010F00000024F400080D0000343E010885
:1093300020FF00000001000205002800003A01554E
:1093400000B2050C0C0033330036010000B70135C4
:1093500000BB011900C0012C00C20201FF00C301C3
:109360001200C4012000C6010F00D002A4A100E039
:109370000ED0040D11132B3F544C180D0B1F23005E
:10938000E10ED0040C11132C3F44512F1F1F20233A
:1093900000210000110002050013000029000278DE
:1093A00003000000002A0400000000002B0400005D
:1093B0000000002C00030000001000020A0300005F
:1093C000001100027803010000000000D4340020E6
:1093D0003C350020A4350020000000000000000003
:1093E000000000000000000000000000000000007D
:1093F000000000000000000000000000000000006D
:10940000000000000000000000000000000000005C
:0894100000000000A80000208C
:04000005080030259A
:00000001FF
